,Subject,Block,Pre,Post
0,AC,0,0.4375,0.6041666666666666
1,AC,0,0.5,0.5
2,AC,0,0.3125,0.5208333333333334
3,AC,0,0.4375,0.5
4,AC,0,0.5,0.5833333333333334
5,AC,0,0.5,0.5
6,CD,0,0.5625,0.5208333333333334
7,CD,0,0.625,0.4583333333333333
8,CD,0,0.5625,0.5625
9,CD,0,0.625,0.5208333333333334
10,CD,0,0.625,0.4791666666666667
11,CD,0,0.5,0.4166666666666667
12,CG,0,0.4375,0.4583333333333333
13,CG,0,0.4375,0.4583333333333333
14,CG,0,0.5625,0.5
15,CG,0,0.375,0.5833333333333334
16,CG,0,0.5,0.5
17,CG,0,0.4375,0.4583333333333333
18,DA,0,0.5,0.5
19,DA,0,0.5,0.5208333333333334
20,DA,0,0.5,0.4791666666666667
21,DA,0,0.5,0.4791666666666667
22,DA,0,0.5625,0.5208333333333334
23,DA,0,0.5,0.5208333333333334
24,JN,0,0.5625,0.6041666666666666
25,JN,0,0.5,0.5
26,JN,0,0.5625,0.5833333333333334
27,JN,0,0.5,0.5208333333333334
28,JN,0,0.6875,0.6041666666666666
29,JN,0,0.5,0.4583333333333333
30,JS,0,0.625,0.5208333333333334
31,JS,0,0.5625,0.5625
32,JS,0,0.375,0.4375
33,JS,0,0.625,0.5416666666666666
34,JS,0,0.6875,0.5
35,JS,0,0.625,0.4375
36,SK,0,0.5625,0.4583333333333333
37,SK,0,0.5,0.4791666666666667
38,SK,0,0.5,0.4791666666666667
39,SK,0,0.375,0.4791666666666667
40,SK,0,0.5,0.4583333333333333
41,SK,0,0.5625,0.3958333333333333
42,AC,1,0.3125,0.4791666666666667
43,AC,1,0.4375,0.5
44,AC,1,0.4375,0.5208333333333334
45,AC,1,0.375,0.5833333333333334
46,AC,1,0.4375,0.4791666666666667
47,AC,1,0.5625,0.3958333333333333
48,CD,1,0.75,0.4375
49,CD,1,0.625,0.5625
50,CD,1,0.625,0.6041666666666666
51,CD,1,0.625,0.5
52,CD,1,0.625,0.5625
53,CD,1,0.625,0.5416666666666666
54,CG,1,0.5,0.5625
55,CG,1,0.75,0.5208333333333334
56,CG,1,0.5,0.5208333333333334
57,CG,1,0.5,0.5416666666666666
58,CG,1,0.5,0.6041666666666666
59,CG,1,0.4375,0.5833333333333334
60,DA,1,0.375,0.4583333333333333
61,DA,1,0.5,0.625
62,DA,1,0.5,0.4375
63,DA,1,0.5,0.4375
64,DA,1,0.5,0.5208333333333334
65,DA,1,0.5,0.5625
66,JN,1,0.625,0.5833333333333334
67,JN,1,0.5,0.4583333333333333
68,JN,1,0.5625,0.5416666666666666
69,JN,1,0.5,0.5208333333333334
70,JN,1,0.6875,0.5833333333333334
71,JN,1,0.6875,0.5833333333333334
72,JS,1,0.625,0.5416666666666666
73,JS,1,0.4375,0.4791666666666667
74,JS,1,0.375,0.5416666666666666
75,JS,1,0.375,0.5208333333333334
76,JS,1,0.5625,0.5416666666666666
77,JS,1,0.6875,0.5208333333333334
78,SK,1,0.5,0.5208333333333334
79,SK,1,0.625,0.4375
80,SK,1,0.5,0.4791666666666667
81,SK,1,0.4375,0.5
82,SK,1,0.6875,0.4375
83,SK,1,0.6875,0.3541666666666667
84,AC,2,0.4375,0.4791666666666667
85,AC,2,0.4375,0.5
86,AC,2,0.4375,0.5416666666666666
87,AC,2,0.4375,0.5208333333333334
88,AC,2,0.4375,0.5416666666666666
89,AC,2,0.5,0.5
90,CD,2,0.625,0.5416666666666666
91,CD,2,0.6875,0.5
92,CD,2,0.375,0.625
93,CD,2,0.625,0.5208333333333334
94,CD,2,0.625,0.5
95,CD,2,0.6875,0.4166666666666667
96,CG,2,0.4375,0.5
97,CG,2,0.375,0.5625
98,CG,2,0.5,0.5416666666666666
99,CG,2,0.375,0.5625
100,CG,2,0.5,0.5833333333333334
101,CG,2,0.375,0.5625
102,DA,2,0.3125,0.4375
103,DA,2,0.5,0.5
104,DA,2,0.5625,0.5208333333333334
105,DA,2,0.5,0.5416666666666666
106,DA,2,0.5,0.5833333333333334
107,DA,2,0.5,0.5416666666666666
108,JN,2,0.5625,0.5
109,JN,2,0.6875,0.5833333333333334
110,JN,2,0.4375,0.5208333333333334
111,JN,2,0.5,0.5208333333333334
112,JN,2,0.5625,0.6041666666666666
113,JN,2,0.5,0.4583333333333333
114,JS,2,0.4375,0.5208333333333334
115,JS,2,0.375,0.5416666666666666
116,JS,2,0.375,0.4791666666666667
117,JS,2,0.75,0.625
118,JS,2,0.5,0.5208333333333334
119,JS,2,0.5625,0.5416666666666666
120,SK,2,0.5,0.4166666666666667
121,SK,2,0.4375,0.4583333333333333
122,SK,2,0.5,0.4583333333333333
123,SK,2,0.5,0.5
124,SK,2,0.4375,0.4791666666666667
125,SK,2,0.375,0.4583333333333333
126,AC,3,0.5,0.5208333333333334
127,AC,3,0.625,0.4583333333333333
128,AC,3,0.375,0.6041666666666666
129,AC,3,0.5,0.4583333333333333
130,AC,3,0.4375,0.5416666666666666
131,AC,3,0.3125,0.6041666666666666
132,CD,3,0.375,0.4791666666666667
133,CD,3,0.5,0.4791666666666667
134,CD,3,0.625,0.5
135,CD,3,0.625,0.4583333333333333
136,CD,3,0.625,0.5
137,CD,3,0.5,0.5416666666666666
138,CG,3,0.4375,0.4166666666666667
139,CG,3,0.375,0.5625
140,CG,3,0.5,0.5625
141,CG,3,0.6875,0.6041666666666666
142,CG,3,0.5625,0.5208333333333334
143,CG,3,0.5625,0.5416666666666666
144,DA,3,0.4375,0.4583333333333333
145,DA,3,0.5,0.5208333333333334
146,DA,3,0.5,0.4583333333333333
147,DA,3,0.5,0.5208333333333334
148,DA,3,0.5,0.5
149,DA,3,0.5,0.4375
150,JN,3,0.4375,0.5
151,JN,3,0.5,0.5
152,JN,3,0.6875,0.5625
153,JN,3,0.5,0.5208333333333334
154,JN,3,0.6875,0.5
155,JN,3,0.5,0.5
156,JS,3,0.6875,0.4375
157,JS,3,0.8125,0.4791666666666667
158,JS,3,0.75,0.5
159,JS,3,0.625,0.3958333333333333
160,JS,3,0.5,0.5
161,JS,3,0.6875,0.5
162,SK,3,0.5625,0.4583333333333333
163,SK,3,0.625,0.4791666666666667
164,SK,3,0.5625,0.5
165,SK,3,0.25,0.5416666666666666
166,SK,3,0.5625,0.4583333333333333
167,SK,3,0.5625,0.4791666666666667
168,AC,4,0.4375,0.5833333333333334
169,AC,4,0.375,0.5
170,AC,4,0.625,0.4166666666666667
171,AC,4,0.75,0.5625
172,AC,4,0.5,0.5833333333333334
173,AC,4,0.375,0.5208333333333334
174,CD,4,0.4375,0.6041666666666666
175,CD,4,0.4375,0.5625
176,CD,4,0.25,0.5833333333333334
177,CD,4,0.6875,0.6041666666666666
178,CD,4,0.625,0.5208333333333334
179,CD,4,0.4375,0.5416666666666666
180,CG,4,0.5,0.5
181,CG,4,0.4375,0.4791666666666667
182,CG,4,0.5625,0.5208333333333334
183,CG,4,0.5,0.5208333333333334
184,CG,4,0.4375,0.4791666666666667
185,CG,4,0.5,0.4583333333333333
186,DA,4,0.5,0.5416666666666666
187,DA,4,0.625,0.5208333333333334
188,DA,4,0.5625,0.4583333333333333
189,DA,4,0.5,0.5
190,DA,4,0.5625,0.5833333333333334
191,DA,4,0.5,0.5
192,JN,4,0.6875,0.6041666666666666
193,JN,4,0.6875,0.6875
194,JN,4,0.5625,0.5208333333333334
195,JN,4,0.4375,0.5
196,JN,4,0.625,0.5833333333333334
197,JN,4,0.75,0.5416666666666666
198,JS,4,0.625,0.5208333333333334
199,JS,4,0.6875,0.5625
200,JS,4,0.5625,0.5
201,JS,4,0.375,0.4375
202,JS,4,0.5625,0.5
203,JS,4,0.625,0.5
204,SK,4,0.4375,0.5208333333333334
205,SK,4,0.5625,0.4791666666666667
206,SK,4,0.5625,0.4583333333333333
207,SK,4,0.25,0.5625
208,SK,4,0.4375,0.5208333333333334
209,SK,4,0.4375,0.5
210,AC,5,0.5625,0.5416666666666666
211,AC,5,0.5625,0.4791666666666667
212,AC,5,0.5625,0.5625
213,AC,5,0.4375,0.4791666666666667
214,AC,5,0.5625,0.5625
215,AC,5,0.625,0.4375
216,CD,5,0.5625,0.4791666666666667
217,CD,5,0.25,0.5
218,CD,5,0.5,0.5
219,CD,5,0.625,0.5
220,CD,5,0.5,0.5625
221,CD,5,0.5625,0.5208333333333334
222,CG,5,0.5,0.4791666666666667
223,CG,5,0.5,0.5416666666666666
224,CG,5,0.4375,0.5208333333333334
225,CG,5,0.625,0.4791666666666667
226,CG,5,0.4375,0.5208333333333334
227,CG,5,0.5625,0.6458333333333334
228,DA,5,0.5,0.5
229,DA,5,0.5,0.5208333333333334
230,DA,5,0.5,0.5
231,DA,5,0.5625,0.5833333333333334
232,DA,5,0.625,0.5625
233,DA,5,0.3125,0.5625
234,JN,5,0.625,0.6458333333333334
235,JN,5,0.75,0.6458333333333334
236,JN,5,0.5625,0.5833333333333334
237,JN,5,0.8125,0.6875
238,JN,5,0.6875,0.6041666666666666
239,JN,5,0.6875,0.5625
240,JS,5,0.5625,0.5
241,JS,5,0.6875,0.5416666666666666
242,JS,5,0.625,0.4791666666666667
243,JS,5,0.75,0.5833333333333334
244,JS,5,0.625,0.5416666666666666
245,JS,5,0.5,0.4583333333333333
246,SK,5,0.5,0.4791666666666667
247,SK,5,0.5,0.4583333333333333
248,SK,5,0.5,0.4583333333333333
249,SK,5,0.625,0.5
250,SK,5,0.4375,0.4583333333333333
251,SK,5,0.5625,0.5625
252,AC,6,0.375,0.5625
253,AC,6,0.5,0.5208333333333334
254,AC,6,0.625,0.4583333333333333
255,AC,6,0.375,0.5625
256,AC,6,0.625,0.5
257,AC,6,0.375,0.5208333333333334
258,CD,6,0.6875,0.5
259,CD,6,0.5,0.5
260,CD,6,0.5625,0.5
261,CD,6,0.5625,0.5
262,CD,6,0.5,0.5833333333333334
263,CD,6,0.625,0.4375
264,CG,6,0.4375,0.4583333333333333
265,CG,6,0.5,0.5208333333333334
266,CG,6,0.5,0.5208333333333334
267,CG,6,0.5,0.5833333333333334
268,CG,6,0.5,0.5
269,CG,6,0.5,0.4791666666666667
270,DA,6,0.3125,0.4583333333333333
271,DA,6,0.3125,0.4375
272,DA,6,0.5,0.4583333333333333
273,DA,6,0.5,0.5416666666666666
274,DA,6,0.5,0.5
275,DA,6,0.375,0.4583333333333333
276,JN,6,0.625,0.6458333333333334
277,JN,6,0.5625,0.5208333333333334
278,JN,6,0.8125,0.5833333333333334
279,JN,6,0.5,0.5208333333333334
280,JN,6,0.6875,0.6458333333333334
281,JN,6,0.375,0.4791666666666667
282,JS,6,0.625,0.5
283,JS,6,0.5,0.4791666666666667
284,JS,6,0.625,0.5
285,JS,6,0.75,0.5
286,JS,6,0.6875,0.625
287,JS,6,0.375,0.5208333333333334
288,SK,6,0.625,0.5
289,SK,6,0.6875,0.4791666666666667
290,SK,6,0.375,0.5208333333333334
291,SK,6,0.625,0.5
292,SK,6,0.625,0.4791666666666667
293,SK,6,0.5,0.5
294,AC,7,0.4375,0.5625
295,AC,7,0.5,0.5416666666666666
296,AC,7,0.4375,0.5625
297,AC,7,0.4375,0.5416666666666666
298,AC,7,0.5625,0.4375
299,AC,7,0.5,0.5625
300,CD,7,0.625,0.5416666666666666
301,CD,7,0.5,0.4375
302,CD,7,0.5,0.4583333333333333
303,CD,7,0.625,0.4583333333333333
304,CD,7,0.625,0.4583333333333333
305,CD,7,0.4375,0.3958333333333333
306,CG,7,0.5,0.4583333333333333
307,CG,7,0.5,0.4791666666666667
308,CG,7,0.5,0.5416666666666666
309,CG,7,0.5625,0.5416666666666666
310,CG,7,0.5,0.4791666666666667
311,CG,7,0.5625,0.5208333333333334
312,DA,7,0.5,0.5416666666666666
313,DA,7,0.5,0.5208333333333334
314,DA,7,0.5,0.4583333333333333
315,DA,7,0.5,0.4791666666666667
316,DA,7,0.5625,0.5
317,DA,7,0.4375,0.4583333333333333
318,JN,7,0.625,0.6041666666666666
319,JN,7,0.625,0.6041666666666666
320,JN,7,0.5625,0.625
321,JN,7,0.5625,0.5625
322,JN,7,0.6875,0.625
323,JN,7,0.1875,0.3958333333333333
324,JS,7,0.5625,0.5833333333333334
325,JS,7,0.4375,0.5416666666666666
326,JS,7,0.5625,0.5
327,JS,7,0.75,0.5208333333333334
328,JS,7,0.5625,0.5208333333333334
329,JS,7,0.5,0.4791666666666667
330,SK,7,0.5,0.5
331,SK,7,0.6875,0.4583333333333333
332,SK,7,0.5,0.4791666666666667
333,SK,7,0.5,0.4583333333333333
334,SK,7,0.5,0.4791666666666667
335,SK,7,0.5,0.4791666666666667
336,AC,8,0.4375,0.5208333333333334
337,AC,8,0.5625,0.5416666666666666
338,AC,8,0.4375,0.4791666666666667
339,AC,8,0.5625,0.5625
340,AC,8,0.4375,0.5625
341,AC,8,0.4375,0.5416666666666666
342,CD,8,0.625,0.5833333333333334
343,CD,8,0.5625,0.5625
344,CD,8,0.5625,0.5208333333333334
345,CD,8,0.625,0.5833333333333334
346,CD,8,0.625,0.625
347,CD,8,0.75,0.5625
348,CG,8,0.625,0.5625
349,CG,8,0.5,0.5833333333333334
350,CG,8,0.625,0.5416666666666666
351,CG,8,0.5,0.5416666666666666
352,CG,8,0.5625,0.5833333333333334
353,CG,8,0.4375,0.5208333333333334
354,DA,8,0.5,0.5416666666666666
355,DA,8,0.5625,0.5208333333333334
356,DA,8,0.4375,0.5
357,DA,8,0.4375,0.4791666666666667
358,DA,8,0.4375,0.5208333333333334
359,DA,8,0.5,0.5
360,JN,8,0.625,0.6041666666666666
361,JN,8,0.625,0.625
362,JN,8,0.625,0.6458333333333334
363,JN,8,0.625,0.6041666666666666
364,JN,8,0.6875,0.6458333333333334
365,JN,8,0.625,0.5208333333333334
366,JS,8,0.5625,0.4791666666666667
367,JS,8,0.625,0.5416666666666666
368,JS,8,0.5625,0.5208333333333334
369,JS,8,0.5,0.4583333333333333
370,JS,8,0.5625,0.625
371,JS,8,0.5625,0.4583333333333333
372,SK,8,0.5,0.4375
373,SK,8,0.75,0.4791666666666667
374,SK,8,0.5,0.4791666666666667
375,SK,8,0.4375,0.4583333333333333
376,SK,8,0.4375,0.5208333333333334
377,SK,8,0.5,0.5
378,AC,9,0.5,0.4375
379,AC,9,0.625,0.4375
380,AC,9,0.3125,0.3958333333333333
381,AC,9,0.4375,0.5625
382,AC,9,0.4375,0.5416666666666666
383,AC,9,0.5,0.5
384,CD,9,0.6875,0.4375
385,CD,9,0.625,0.5416666666666666
386,CD,9,0.625,0.4791666666666667
387,CD,9,0.625,0.4583333333333333
388,CD,9,0.625,0.4791666666666667
389,CD,9,0.375,0.4791666666666667
390,CG,9,0.4375,0.4375
391,CG,9,0.4375,0.4375
392,CG,9,0.375,0.5416666666666666
393,CG,9,0.625,0.5833333333333334
394,CG,9,0.5,0.5625
395,CG,9,0.4375,0.5
396,DA,9,0.25,0.6041666666666666
397,DA,9,0.5,0.5833333333333334
398,DA,9,0.5,0.4583333333333333
399,DA,9,0.5,0.4583333333333333
400,DA,9,0.5,0.5625
401,DA,9,0.25,0.5
402,JN,9,0.5625,0.5625
403,JN,9,0.6875,0.625
404,JN,9,0.6875,0.6875
405,JN,9,0.5625,0.6041666666666666
406,JN,9,0.625,0.6666666666666666
407,JN,9,0.6875,0.625
408,JS,9,0.4375,0.4791666666666667
409,JS,9,0.5625,0.5208333333333334
410,JS,9,0.5625,0.5208333333333334
411,JS,9,0.5,0.4375
412,JS,9,0.5625,0.5416666666666666
413,JS,9,0.375,0.4791666666666667
414,SK,9,0.625,0.5208333333333334
415,SK,9,0.5,0.5833333333333334
416,SK,9,0.5,0.5
417,SK,9,0.625,0.5208333333333334
418,SK,9,0.5,0.4791666666666667
419,SK,9,0.5,0.5
420,AC,10,0.5625,0.5
421,AC,10,0.6875,0.4791666666666667
422,AC,10,0.4375,0.5625
423,AC,10,0.5625,0.4166666666666667
424,AC,10,0.375,0.4791666666666667
425,AC,10,0.375,0.5
426,CD,10,0.6875,0.4791666666666667
427,CD,10,0.625,0.4791666666666667
428,CD,10,0.5625,0.5416666666666666
429,CD,10,0.5625,0.6041666666666666
430,CD,10,0.625,0.5208333333333334
431,CD,10,0.5,0.5208333333333334
432,CG,10,0.8125,0.5625
433,CG,10,0.5625,0.5
434,CG,10,0.4375,0.5
435,CG,10,0.4375,0.4583333333333333
436,CG,10,0.6875,0.4583333333333333
437,CG,10,0.4375,0.4375
438,DA,10,0.4375,0.5
439,DA,10,0.5,0.5208333333333334
440,DA,10,0.5,0.5
441,DA,10,0.5,0.5208333333333334
442,DA,10,0.4375,0.5416666666666666
443,DA,10,0.5625,0.4583333333333333
444,JN,10,0.6875,0.625
445,JN,10,0.8125,0.6666666666666666
446,JN,10,0.625,0.6666666666666666
447,JN,10,0.75,0.625
448,JN,10,0.8125,0.625
449,JN,10,0.5625,0.375
450,JS,10,0.75,0.5416666666666666
451,JS,10,0.625,0.5833333333333334
452,JS,10,0.6875,0.5416666666666666
453,JS,10,0.375,0.5625
454,JS,10,0.5625,0.5416666666666666
455,JS,10,0.625,0.5
456,SK,10,0.5625,0.4791666666666667
457,SK,10,0.5,0.5208333333333334
458,SK,10,0.5,0.4583333333333333
459,SK,10,0.625,0.5208333333333334
460,SK,10,0.5625,0.5208333333333334
461,SK,10,0.5625,0.4791666666666667
462,AC,11,0.5625,0.7083333333333334
463,AC,11,0.4375,0.6041666666666666
464,AC,11,0.5625,0.5208333333333334
465,AC,11,0.5,0.6041666666666666
466,AC,11,0.375,0.6458333333333334
467,AC,11,0.5,0.5208333333333334
468,CD,11,0.75,0.5625
469,CD,11,0.5625,0.5208333333333334
470,CD,11,0.625,0.5416666666666666
471,CD,11,0.625,0.6041666666666666
472,CD,11,0.75,0.6041666666666666
473,CD,11,0.5625,0.6458333333333334
474,CG,11,0.5,0.5
475,CG,11,0.4375,0.5416666666666666
476,CG,11,0.4375,0.5416666666666666
477,CG,11,0.4375,0.5208333333333334
478,CG,11,0.4375,0.5416666666666666
479,CG,11,0.625,0.5416666666666666
480,DA,11,0.4375,0.5208333333333334
481,DA,11,0.5,0.5208333333333334
482,DA,11,0.5,0.5
483,DA,11,0.5,0.5208333333333334
484,DA,11,0.3125,0.5416666666666666
485,DA,11,0.5,0.5208333333333334
486,JN,11,0.625,0.6458333333333334
487,JN,11,0.8125,0.6458333333333334
488,JN,11,0.625,0.5833333333333334
489,JN,11,0.625,0.6666666666666666
490,JN,11,0.625,0.5625
491,JN,11,0.75,0.7291666666666666
492,JS,11,0.75,0.5
493,JS,11,0.6875,0.5625
494,JS,11,0.625,0.625
495,JS,11,0.375,0.6458333333333334
496,JS,11,0.625,0.6041666666666666
497,JS,11,0.75,0.5833333333333334
498,SK,11,0.6875,0.5
499,SK,11,0.6875,0.5
500,SK,11,0.5,0.4583333333333333
501,SK,11,0.6875,0.4583333333333333
502,SK,11,0.6875,0.5208333333333334
503,SK,11,0.6875,0.4375
504,AC,12,0.4375,0.5208333333333334
505,AC,12,0.5625,0.4375
506,AC,12,0.5,0.5416666666666666
507,AC,12,0.5,0.5416666666666666
508,AC,12,0.5625,0.6875
509,AC,12,0.375,0.5
510,CD,12,0.4375,0.4583333333333333
511,CD,12,0.5,0.6041666666666666
512,CD,12,0.6875,0.4791666666666667
513,CD,12,0.625,0.5
514,CD,12,0.625,0.5208333333333334
515,CD,12,0.625,0.5208333333333334
516,CG,12,0.4375,0.4583333333333333
517,CG,12,0.4375,0.5
518,CG,12,0.8125,0.6041666666666666
519,CG,12,0.4375,0.4791666666666667
520,CG,12,0.4375,0.4583333333333333
521,CG,12,0.4375,0.5208333333333334
522,DA,12,0.6875,0.5625
523,DA,12,0.5,0.5625
524,DA,12,0.6875,0.5625
525,DA,12,0.5,0.5
526,DA,12,0.5,0.5625
527,DA,12,0.4375,0.5
528,JN,12,0.6875,0.6041666666666666
529,JN,12,0.5,0.5
530,JN,12,0.5,0.5
531,JN,12,0.625,0.5833333333333334
532,JN,12,0.75,0.6458333333333334
533,JN,12,0.375,0.4583333333333333
534,JS,12,0.75,0.6458333333333334
535,JS,12,0.625,0.5625
536,JS,12,0.625,0.5416666666666666
537,JS,12,0.5,0.5208333333333334
538,JS,12,0.625,0.5416666666666666
539,JS,12,0.625,0.5625
540,SK,12,0.625,0.4166666666666667
541,SK,12,0.3125,0.5208333333333334
542,SK,12,0.3125,0.5208333333333334
543,SK,12,0.625,0.4375
544,SK,12,0.4375,0.5208333333333334
545,SK,12,0.4375,0.4166666666666667
546,AC,13,0.375,0.5833333333333334
547,AC,13,0.5,0.5
548,AC,13,0.4375,0.5625
549,AC,13,0.5,0.5416666666666666
550,AC,13,0.5,0.4791666666666667
551,AC,13,0.375,0.5625
552,CD,13,0.5625,0.4375
553,CD,13,0.5625,0.4791666666666667
554,CD,13,0.5625,0.5208333333333334
555,CD,13,0.625,0.4583333333333333
556,CD,13,0.625,0.4791666666666667
557,CD,13,0.5625,0.4375
558,CG,13,0.5,0.4583333333333333
559,CG,13,0.5,0.5208333333333334
560,CG,13,0.4375,0.4583333333333333
561,CG,13,0.5,0.4375
562,CG,13,0.4375,0.4166666666666667
563,CG,13,0.4375,0.3958333333333333
564,DA,13,0.5625,0.5416666666666666
565,DA,13,0.4375,0.5625
566,DA,13,0.5,0.4375
567,DA,13,0.5,0.5
568,DA,13,0.625,0.5416666666666666
569,DA,13,0.375,0.4583333333333333
570,JN,13,0.6875,0.6041666666666666
571,JN,13,0.5625,0.5
572,JN,13,0.5625,0.6458333333333334
573,JN,13,0.5625,0.6041666666666666
574,JN,13,0.6875,0.6041666666666666
575,JN,13,0.5,0.5
576,JS,13,0.5625,0.4166666666666667
577,JS,13,0.4375,0.5
578,JS,13,0.625,0.5
579,JS,13,0.6875,0.4791666666666667
580,JS,13,0.6875,0.5833333333333334
581,JS,13,0.4375,0.3958333333333333
582,SK,13,0.5,0.5208333333333334
583,SK,13,0.5,0.5208333333333334
584,SK,13,0.5,0.4583333333333333
585,SK,13,0.5,0.4583333333333333
586,SK,13,0.5,0.4583333333333333
587,SK,13,0.5625,0.5
588,AC,14,0.4375,0.5416666666666666
589,AC,14,0.4375,0.5625
590,AC,14,0.5,0.5625
591,AC,14,0.5625,0.5
592,AC,14,0.4375,0.5208333333333334
593,AC,14,0.375,0.5625
594,CD,14,0.625,0.5
595,CD,14,0.5625,0.5416666666666666
596,CD,14,0.625,0.4791666666666667
597,CD,14,0.8125,0.5416666666666666
598,CD,14,0.625,0.5208333333333334
599,CD,14,0.6875,0.3958333333333333
600,CG,14,0.5,0.5208333333333334
601,CG,14,0.5625,0.5416666666666666
602,CG,14,0.5,0.5
603,CG,14,0.5,0.5208333333333334
604,CG,14,0.5,0.4583333333333333
605,CG,14,0.3125,0.4166666666666667
606,DA,14,0.5625,0.6041666666666666
607,DA,14,0.25,0.5208333333333334
608,DA,14,0.625,0.4583333333333333
609,DA,14,0.5,0.5208333333333334
610,DA,14,0.5625,0.5208333333333334
611,DA,14,0.4375,0.5
612,JN,14,0.6875,0.6458333333333334
613,JN,14,0.8125,0.625
614,JN,14,0.5,0.5
615,JN,14,0.75,0.6666666666666666
616,JN,14,0.6875,0.625
617,JN,14,0.6875,0.5833333333333334
618,JS,14,0.625,0.5625
619,JS,14,0.5625,0.5
620,JS,14,0.6875,0.5208333333333334
621,JS,14,0.75,0.5416666666666666
622,JS,14,0.5625,0.5
623,JS,14,0.6875,0.5208333333333334
624,SK,14,0.5,0.5
625,SK,14,0.5,0.5
626,SK,14,0.5625,0.5
627,SK,14,0.625,0.5
628,SK,14,0.5,0.5
629,SK,14,0.5,0.5208333333333334
630,AC,15,0.375,0.5625
631,AC,15,0.5,0.5
632,AC,15,0.4375,0.5416666666666666
633,AC,15,0.4375,0.5625
634,AC,15,0.5625,0.5
635,AC,15,0.625,0.6458333333333334
636,CD,15,0.5,0.4375
637,CD,15,0.4375,0.625
638,CD,15,0.5625,0.5
639,CD,15,0.625,0.4583333333333333
640,CD,15,0.625,0.4583333333333333
641,CD,15,0.6875,0.4166666666666667
642,CG,15,0.5,0.5
643,CG,15,0.5,0.4791666666666667
644,CG,15,0.4375,0.4583333333333333
645,CG,15,0.4375,0.5625
646,CG,15,0.4375,0.4583333333333333
647,CG,15,0.375,0.3541666666666667
648,DA,15,0.4375,0.5208333333333334
649,DA,15,0.5,0.5
650,DA,15,0.5,0.4583333333333333
651,DA,15,0.5,0.4791666666666667
652,DA,15,0.5,0.5625
653,DA,15,0.5,0.5208333333333334
654,JN,15,0.5625,0.4791666666666667
655,JN,15,0.5625,0.4791666666666667
656,JN,15,0.625,0.5625
657,JN,15,0.5625,0.5416666666666666
658,JN,15,0.625,0.625
659,JN,15,0.5,0.5208333333333334
660,JS,15,0.625,0.5
661,JS,15,0.5,0.4791666666666667
662,JS,15,0.625,0.5
663,JS,15,0.75,0.5625
664,JS,15,0.75,0.5625
665,JS,15,0.5,0.5208333333333334
666,SK,15,0.6875,0.6041666666666666
667,SK,15,0.5,0.4791666666666667
668,SK,15,0.5625,0.5
669,SK,15,0.625,0.5
670,SK,15,0.5,0.5208333333333334
671,SK,15,0.5625,0.5
672,AC,16,0.5,0.4791666666666667
673,AC,16,0.3125,0.5416666666666666
674,AC,16,0.5,0.4791666666666667
675,AC,16,0.3125,0.5416666666666666
676,AC,16,0.4375,0.4583333333333333
677,AC,16,0.4375,0.5416666666666666
678,CD,16,0.6875,0.5416666666666666
679,CD,16,0.8125,0.5625
680,CD,16,0.375,0.5625
681,CD,16,0.75,0.4791666666666667
682,CD,16,0.625,0.5833333333333334
683,CD,16,0.5625,0.4166666666666667
684,CG,16,0.4375,0.4375
685,CG,16,0.5625,0.6458333333333334
686,CG,16,0.375,0.5416666666666666
687,CG,16,0.5,0.5
688,CG,16,0.625,0.5833333333333334
689,CG,16,0.625,0.5208333333333334
690,DA,16,0.4375,0.4583333333333333
691,DA,16,0.3125,0.5208333333333334
692,DA,16,0.25,0.4375
693,DA,16,0.5,0.5
694,DA,16,0.5,0.5208333333333334
695,DA,16,0.3125,0.4791666666666667
696,JN,16,0.5,0.625
697,JN,16,0.5625,0.6458333333333334
698,JN,16,0.6875,0.6666666666666666
699,JN,16,0.625,0.5625
700,JN,16,0.625,0.6666666666666666
701,JN,16,0.625,0.625
702,JS,16,0.5625,0.5
703,JS,16,0.625,0.5208333333333334
704,JS,16,0.75,0.4791666666666667
705,JS,16,0.4375,0.5
706,JS,16,0.5625,0.5416666666666666
707,JS,16,0.5625,0.4791666666666667
708,SK,16,0.5625,0.4583333333333333
709,SK,16,0.5625,0.4791666666666667
710,SK,16,0.5625,0.5
711,SK,16,0.375,0.4791666666666667
712,SK,16,0.5625,0.4375
713,SK,16,0.5625,0.4375
714,AC,17,0.5,0.5208333333333334
715,AC,17,0.5,0.5208333333333334
716,AC,17,0.5625,0.5416666666666666
717,AC,17,0.5,0.5416666666666666
718,AC,17,0.5,0.5
719,AC,17,0.5,0.4166666666666667
720,CD,17,0.625,0.5416666666666666
721,CD,17,0.375,0.5625
722,CD,17,0.5625,0.5833333333333334
723,CD,17,0.625,0.5
724,CD,17,0.625,0.4791666666666667
725,CD,17,0.5,0.4583333333333333
726,CG,17,0.6875,0.5208333333333334
727,CG,17,0.625,0.4791666666666667
728,CG,17,0.5,0.5625
729,CG,17,0.5625,0.5208333333333334
730,CG,17,0.4375,0.5
731,CG,17,0.5625,0.6666666666666666
732,DA,17,0.5,0.4791666666666667
733,DA,17,0.3125,0.4583333333333333
734,DA,17,0.5,0.5
735,DA,17,0.5,0.5208333333333334
736,DA,17,0.5,0.5
737,DA,17,0.5,0.5416666666666666
738,JN,17,0.5625,0.5416666666666666
739,JN,17,0.5625,0.5625
740,JN,17,0.75,0.6041666666666666
741,JN,17,0.625,0.5625
742,JN,17,0.8125,0.7291666666666666
743,JN,17,0.625,0.6875
744,JS,17,0.5,0.625
745,JS,17,0.5,0.5
746,JS,17,0.75,0.5416666666666666
747,JS,17,0.5,0.5625
748,JS,17,0.5625,0.6041666666666666
749,JS,17,0.5625,0.5208333333333334
750,SK,17,0.6875,0.4791666666666667
751,SK,17,0.6875,0.4583333333333333
752,SK,17,0.5,0.4583333333333333
753,SK,17,0.5,0.4583333333333333
754,SK,17,0.4375,0.4583333333333333
755,SK,17,0.4375,0.5
756,AC,18,0.375,0.5
757,AC,18,0.6875,0.4583333333333333
758,AC,18,0.4375,0.5
759,AC,18,0.625,0.6041666666666666
760,AC,18,0.625,0.5416666666666666
761,AC,18,0.3125,0.5
762,CD,18,0.625,0.5833333333333334
763,CD,18,0.5625,0.4791666666666667
764,CD,18,0.5625,0.625
765,CD,18,0.625,0.5208333333333334
766,CD,18,0.625,0.5208333333333334
767,CD,18,0.625,0.5
768,CG,18,0.5625,0.4791666666666667
769,CG,18,0.625,0.5
770,CG,18,0.5,0.4791666666666667
771,CG,18,0.4375,0.5
772,CG,18,0.4375,0.5
773,CG,18,0.625,0.5416666666666666
774,DA,18,0.5625,0.5416666666666666
775,DA,18,0.4375,0.4791666666666667
776,DA,18,0.625,0.5416666666666666
777,DA,18,0.5,0.5625
778,DA,18,0.6875,0.4583333333333333
779,DA,18,0.4375,0.4791666666666667
780,JN,18,0.625,0.5
781,JN,18,0.6875,0.4375
782,JN,18,0.5625,0.5833333333333334
783,JN,18,0.5625,0.5
784,JN,18,0.625,0.4791666666666667
785,JN,18,0.5,0.5
786,JS,18,0.75,0.5833333333333334
787,JS,18,0.4375,0.4791666666666667
788,JS,18,0.625,0.5416666666666666
789,JS,18,0.5625,0.5208333333333334
790,JS,18,0.625,0.625
791,JS,18,0.5,0.6458333333333334
792,SK,18,0.625,0.4791666666666667
793,SK,18,0.5,0.5208333333333334
794,SK,18,0.5,0.4583333333333333
795,SK,18,0.375,0.4791666666666667
796,SK,18,0.4375,0.5
797,SK,18,0.5,0.5208333333333334
798,AC,19,0.375,0.375
799,AC,19,0.5,0.5
800,AC,19,0.625,0.4583333333333333
801,AC,19,0.5,0.5
802,AC,19,0.375,0.4791666666666667
803,AC,19,0.5625,0.4375
804,CD,19,0.5,0.5
805,CD,19,0.5,0.4791666666666667
806,CD,19,0.6875,0.5833333333333334
807,CD,19,0.625,0.5
808,CD,19,0.5,0.5416666666666666
809,CD,19,0.6875,0.5416666666666666
810,CG,19,0.4375,0.5
811,CG,19,0.5,0.4375
812,CG,19,0.5625,0.5208333333333334
813,CG,19,0.6875,0.6041666666666666
814,CG,19,0.5,0.5625
815,CG,19,0.4375,0.4166666666666667
816,DA,19,0.375,0.5208333333333334
817,DA,19,0.5,0.6041666666666666
818,DA,19,0.5625,0.4791666666666667
819,DA,19,0.5,0.5
820,DA,19,0.4375,0.625
821,DA,19,0.625,0.4791666666666667
822,JN,19,0.75,0.5416666666666666
823,JN,19,0.5,0.3958333333333333
824,JN,19,0.5625,0.625
825,JN,19,0.5,0.5208333333333334
826,JN,19,0.75,0.5625
827,JN,19,0.375,0.4375
828,JS,19,0.8125,0.5416666666666666
829,JS,19,0.6875,0.5625
830,JS,19,0.625,0.5208333333333334
831,JS,19,0.75,0.5833333333333334
832,JS,19,0.75,0.5625
833,JS,19,0.75,0.5
834,SK,19,0.5625,0.4791666666666667
835,SK,19,0.5,0.5416666666666666
836,SK,19,0.5,0.4583333333333333
837,SK,19,0.75,0.4583333333333333
838,SK,19,0.5,0.5416666666666666
839,SK,19,0.4375,0.5416666666666666
840,AC,20,0.5625,0.5625
841,AC,20,0.5625,0.5416666666666666
842,AC,20,0.5625,0.5833333333333334
843,AC,20,0.5,0.4583333333333333
844,AC,20,0.625,0.625
845,AC,20,0.5,0.6666666666666666
846,CD,20,0.4375,0.5
847,CD,20,0.5625,0.5416666666666666
848,CD,20,0.5625,0.5208333333333334
849,CD,20,0.4375,0.5208333333333334
850,CD,20,0.4375,0.6041666666666666
851,CD,20,0.4375,0.5
852,CG,20,0.4375,0.5
853,CG,20,0.4375,0.5
854,CG,20,0.5625,0.5208333333333334
855,CG,20,0.4375,0.4583333333333333
856,CG,20,0.4375,0.4791666666666667
857,CG,20,0.5,0.5
858,DA,20,0.5,0.5208333333333334
859,DA,20,0.5,0.4583333333333333
860,DA,20,0.4375,0.4166666666666667
861,DA,20,0.5,0.5833333333333334
862,DA,20,0.5625,0.6041666666666666
863,DA,20,0.5,0.5208333333333334
864,JN,20,0.75,0.6666666666666666
865,JN,20,0.6875,0.6875
866,JN,20,0.5625,0.6458333333333334
867,JN,20,0.5,0.5208333333333334
868,JN,20,0.75,0.6458333333333334
869,JN,20,0.75,0.625
870,JS,20,0.6875,0.5833333333333334
871,JS,20,0.625,0.6666666666666666
872,JS,20,0.5625,0.5
873,JS,20,0.75,0.6458333333333334
874,JS,20,0.625,0.5833333333333334
875,JS,20,0.6875,0.6875
876,SK,20,0.5,0.4791666666666667
877,SK,20,0.6875,0.5208333333333334
878,SK,20,0.5,0.4791666666666667
879,SK,20,0.6875,0.4583333333333333
880,SK,20,0.625,0.5416666666666666
881,SK,20,0.5625,0.5833333333333334
882,AC,21,0.625,0.5
883,AC,21,0.5,0.5
884,AC,21,0.5625,0.6041666666666666
885,AC,21,0.5,0.5625
886,AC,21,0.5,0.5625
887,AC,21,0.5,0.5625
888,CD,21,0.5,0.4583333333333333
889,CD,21,0.4375,0.5
890,CD,21,0.5625,0.4166666666666667
891,CD,21,0.625,0.5
892,CD,21,0.625,0.4583333333333333
893,CD,21,0.4375,0.4583333333333333
894,CG,21,0.5,0.5833333333333334
895,CG,21,0.5,0.5208333333333334
896,CG,21,0.4375,0.4791666666666667
897,CG,21,0.4375,0.4791666666666667
898,CG,21,0.4375,0.4375
899,CG,21,0.4375,0.4375
900,DA,21,0.875,0.4166666666666667
901,DA,21,0.5,0.5208333333333334
902,DA,21,0.4375,0.3958333333333333
903,DA,21,0.5,0.4583333333333333
904,DA,21,0.6875,0.5833333333333334
905,DA,21,0.625,0.4375
906,JN,21,0.5625,0.5208333333333334
907,JN,21,0.5625,0.4791666666666667
908,JN,21,0.4375,0.5208333333333334
909,JN,21,0.5625,0.5
910,JN,21,0.6875,0.6458333333333334
911,JN,21,0.5,0.4791666666666667
912,JS,21,0.5625,0.5
913,JS,21,0.625,0.5833333333333334
914,JS,21,0.5,0.5
915,JS,21,0.75,0.5833333333333334
916,JS,21,0.6875,0.5833333333333334
917,JS,21,0.625,0.4375
918,SK,21,0.5,0.4583333333333333
919,SK,21,0.375,0.4375
920,SK,21,0.3125,0.4583333333333333
921,SK,21,0.5625,0.4791666666666667
922,SK,21,0.5,0.4375
923,SK,21,0.4375,0.4375
924,AC,22,0.375,0.5833333333333334
925,AC,22,0.5625,0.5833333333333334
926,AC,22,0.5,0.5416666666666666
927,AC,22,0.5,0.5625
928,AC,22,0.5625,0.5
929,AC,22,0.375,0.5625
930,CD,22,0.5625,0.5
931,CD,22,0.625,0.4166666666666667
932,CD,22,0.625,0.4166666666666667
933,CD,22,0.5625,0.4583333333333333
934,CD,22,0.6875,0.4375
935,CD,22,0.625,0.3958333333333333
936,CG,22,0.5,0.5208333333333334
937,CG,22,0.5,0.5208333333333334
938,CG,22,0.5625,0.4583333333333333
939,CG,22,0.5625,0.5625
940,CG,22,0.4375,0.5
941,CG,22,0.5,0.4375
942,DA,22,0.5,0.5
943,DA,22,0.5,0.5
944,DA,22,0.4375,0.5208333333333334
945,DA,22,0.5,0.375
946,DA,22,0.5,0.375
947,DA,22,0.375,0.4166666666666667
948,JN,22,0.5625,0.5208333333333334
949,JN,22,0.6875,0.6458333333333334
950,JN,22,0.625,0.5625
951,JN,22,0.75,0.6875
952,JN,22,0.6875,0.625
953,JN,22,0.6875,0.5416666666666666
954,JS,22,0.5625,0.5
955,JS,22,0.5625,0.5625
956,JS,22,0.625,0.5
957,JS,22,0.75,0.5208333333333334
958,JS,22,0.6875,0.6041666666666666
959,JS,22,0.5625,0.5208333333333334
960,SK,22,0.5625,0.5
961,SK,22,0.6875,0.5208333333333334
962,SK,22,0.5,0.4791666666666667
963,SK,22,0.6875,0.4375
964,SK,22,0.5625,0.5208333333333334
965,SK,22,0.6875,0.5208333333333334
966,AC,23,0.6875,0.5416666666666666
967,AC,23,0.375,0.5625
968,AC,23,0.5625,0.5833333333333334
969,AC,23,0.5625,0.5208333333333334
970,AC,23,0.5625,0.5208333333333334
971,AC,23,0.5,0.5416666666666666
972,CD,23,0.5,0.5
973,CD,23,0.75,0.4583333333333333
974,CD,23,0.6875,0.5208333333333334
975,CD,23,0.625,0.4791666666666667
976,CD,23,0.5,0.6458333333333334
977,CD,23,0.5,0.4375
978,CG,23,0.3125,0.5833333333333334
979,CG,23,0.5,0.5
980,CG,23,0.5625,0.5208333333333334
981,CG,23,0.3125,0.5833333333333334
982,CG,23,0.5,0.5208333333333334
983,CG,23,0.625,0.625
984,DA,23,0.5,0.5625
985,DA,23,0.5,0.5208333333333334
986,DA,23,0.5,0.5625
987,DA,23,0.4375,0.5833333333333334
988,DA,23,0.5,0.5208333333333334
989,DA,23,0.5,0.5
990,JN,23,0.8125,0.7083333333333334
991,JN,23,0.6875,0.5833333333333334
992,JN,23,0.5625,0.5208333333333334
993,JN,23,0.5625,0.5208333333333334
994,JN,23,0.8125,0.6666666666666666
995,JN,23,0.625,0.5208333333333334
996,JS,23,0.625,0.4375
997,JS,23,0.75,0.6041666666666666
998,JS,23,0.6875,0.5208333333333334
999,JS,23,0.625,0.5
1000,JS,23,0.6875,0.6041666666666666
1001,JS,23,0.5625,0.5208333333333334
1002,SK,23,0.5,0.4791666666666667
1003,SK,23,0.5,0.4791666666666667
1004,SK,23,0.5,0.4791666666666667
1005,SK,23,0.5625,0.4583333333333333
1006,SK,23,0.4375,0.4791666666666667
1007,SK,23,0.5625,0.5
1008,AC,24,0.5625,0.5208333333333334
1009,AC,24,0.6875,0.4791666666666667
1010,AC,24,0.5,0.4375
1011,AC,24,0.625,0.5208333333333334
1012,AC,24,0.4375,0.5416666666666666
1013,AC,24,0.5,0.4166666666666667
1014,CD,24,0.625,0.6041666666666666
1015,CD,24,0.6875,0.5833333333333334
1016,CD,24,0.625,0.5625
1017,CD,24,0.6875,0.5625
1018,CD,24,0.625,0.5625
1019,CD,24,0.5625,0.5833333333333334
1020,CG,24,0.625,0.5833333333333334
1021,CG,24,0.4375,0.5625
1022,CG,24,0.5,0.5625
1023,CG,24,0.4375,0.5416666666666666
1024,CG,24,0.5625,0.6458333333333334
1025,CG,24,0.5625,0.5416666666666666
1026,DA,24,0.5,0.5625
1027,DA,24,0.5,0.5833333333333334
1028,DA,24,0.5,0.5625
1029,DA,24,0.5,0.5208333333333334
1030,DA,24,0.5,0.5
1031,DA,24,0.5,0.4791666666666667
1032,JN,24,0.5625,0.6041666666666666
1033,JN,24,0.625,0.5208333333333334
1034,JN,24,0.6875,0.5833333333333334
1035,JN,24,0.5,0.5208333333333334
1036,JN,24,0.6875,0.6041666666666666
1037,JN,24,0.5,0.5
1038,JS,24,0.5625,0.5833333333333334
1039,JS,24,0.4375,0.5
1040,JS,24,0.6875,0.6041666666666666
1041,JS,24,0.4375,0.4583333333333333
1042,JS,24,0.5625,0.5
1043,JS,24,0.4375,0.5
1044,SK,24,0.5625,0.4583333333333333
1045,SK,24,0.75,0.4166666666666667
1046,SK,24,0.6875,0.4583333333333333
1047,SK,24,0.375,0.5
1048,SK,24,0.5625,0.5
1049,SK,24,0.5,0.5833333333333334
1050,AC,25,0.5625,0.5833333333333334
1051,AC,25,0.4375,0.5625
1052,AC,25,0.5625,0.5208333333333334
1053,AC,25,0.4375,0.5208333333333334
1054,AC,25,0.5,0.5625
1055,AC,25,0.4375,0.5833333333333334
1056,CD,25,0.5625,0.5
1057,CD,25,0.4375,0.5625
1058,CD,25,0.625,0.5416666666666666
1059,CD,25,0.625,0.5
1060,CD,25,0.625,0.625
1061,CD,25,0.625,0.5416666666666666
1062,CG,25,0.5625,0.5208333333333334
1063,CG,25,0.375,0.5208333333333334
1064,CG,25,0.5,0.5416666666666666
1065,CG,25,0.5625,0.5208333333333334
1066,CG,25,0.5625,0.6041666666666666
1067,CG,25,0.4375,0.5208333333333334
1068,DA,25,0.5,0.5625
1069,DA,25,0.5,0.5833333333333334
1070,DA,25,0.5,0.4791666666666667
1071,DA,25,0.5,0.5
1072,DA,25,0.625,0.4791666666666667
1073,DA,25,0.5,0.5
1074,JN,25,0.625,0.6041666666666666
1075,JN,25,0.6875,0.6458333333333334
1076,JN,25,0.5625,0.5208333333333334
1077,JN,25,0.5625,0.6041666666666666
1078,JN,25,0.6875,0.6666666666666666
1079,JN,25,0.5,0.5416666666666666
1080,JS,25,0.5,0.5
1081,JS,25,0.5,0.5625
1082,JS,25,0.75,0.5416666666666666
1083,JS,25,0.5625,0.5
1084,JS,25,0.625,0.5416666666666666
1085,JS,25,0.5625,0.5416666666666666
1086,SK,25,0.6875,0.4375
1087,SK,25,0.5,0.5208333333333334
1088,SK,25,0.3125,0.5
1089,SK,25,0.5625,0.4583333333333333
1090,SK,25,0.625,0.4375
1091,SK,25,0.75,0.5
1092,AC,26,0.5625,0.4583333333333333
1093,AC,26,0.625,0.5
1094,AC,26,0.5,0.4583333333333333
1095,AC,26,0.5,0.5625
1096,AC,26,0.5625,0.4791666666666667
1097,AC,26,0.5625,0.4166666666666667
1098,CD,26,0.6875,0.5416666666666666
1099,CD,26,0.5,0.6666666666666666
1100,CD,26,0.625,0.5833333333333334
1101,CD,26,0.5,0.6458333333333334
1102,CD,26,0.625,0.5625
1103,CD,26,0.625,0.6458333333333334
1104,CG,26,0.625,0.6041666666666666
1105,CG,26,0.625,0.5
1106,CG,26,0.5625,0.5625
1107,CG,26,0.5625,0.6041666666666666
1108,CG,26,0.5625,0.5625
1109,CG,26,0.5,0.5625
1110,DA,26,0.5,0.4791666666666667
1111,DA,26,0.5625,0.5
1112,DA,26,0.375,0.4375
1113,DA,26,0.5,0.5416666666666666
1114,DA,26,0.5,0.5208333333333334
1115,DA,26,0.625,0.5
1116,JN,26,0.5625,0.6041666666666666
1117,JN,26,0.625,0.5208333333333334
1118,JN,26,0.625,0.625
1119,JN,26,0.5,0.5208333333333334
1120,JN,26,0.6875,0.6875
1121,JN,26,0.625,0.6666666666666666
1122,JS,26,0.625,0.5416666666666666
1123,JS,26,0.375,0.5208333333333334
1124,JS,26,0.625,0.5
1125,JS,26,0.4375,0.5208333333333334
1126,JS,26,0.5625,0.5625
1127,JS,26,0.5,0.4583333333333333
1128,SK,26,0.6875,0.4166666666666667
1129,SK,26,0.5625,0.5
1130,SK,26,0.5625,0.4583333333333333
1131,SK,26,0.375,0.5
1132,SK,26,0.5625,0.4583333333333333
1133,SK,26,0.5625,0.4791666666666667
1134,AC,27,0.375,0.5416666666666666
1135,AC,27,0.4375,0.5
1136,AC,27,0.375,0.5208333333333334
1137,AC,27,0.4375,0.5208333333333334
1138,AC,27,0.5,0.5625
1139,AC,27,0.375,0.5833333333333334
1140,CD,27,0.625,0.5416666666666666
1141,CD,27,0.5,0.4583333333333333
1142,CD,27,0.625,0.3958333333333333
1143,CD,27,0.625,0.4375
1144,CD,27,0.5625,0.4583333333333333
1145,CD,27,0.625,0.4375
1146,CG,27,0.5,0.4375
1147,CG,27,0.5625,0.5
1148,CG,27,0.5625,0.375
1149,CG,27,0.4375,0.5208333333333334
1150,CG,27,0.625,0.5
1151,CG,27,0.4375,0.5833333333333334
1152,DA,27,0.5625,0.5416666666666666
1153,DA,27,0.4375,0.4583333333333333
1154,DA,27,0.5,0.4583333333333333
1155,DA,27,0.5,0.5
1156,DA,27,0.5,0.5
1157,DA,27,0.5,0.5
1158,JN,27,0.5,0.4791666666666667
1159,JN,27,0.5,0.5
1160,JN,27,0.6875,0.5416666666666666
1161,JN,27,0.5,0.5
1162,JN,27,0.6875,0.625
1163,JN,27,0.5,0.5
1164,JS,27,0.6875,0.6041666666666666
1165,JS,27,0.375,0.5416666666666666
1166,JS,27,0.5,0.5208333333333334
1167,JS,27,0.5625,0.4375
1168,JS,27,0.6875,0.6041666666666666
1169,JS,27,0.75,0.5208333333333334
1170,SK,27,0.5625,0.5
1171,SK,27,0.625,0.4166666666666667
1172,SK,27,0.5625,0.5
1173,SK,27,0.5625,0.4375
1174,SK,27,0.5625,0.4583333333333333
1175,SK,27,0.5625,0.4166666666666667
1176,AC,28,0.4375,0.4791666666666667
1177,AC,28,0.4375,0.5208333333333334
1178,AC,28,0.4375,0.5625
1179,AC,28,0.5,0.5416666666666666
1180,AC,28,0.625,0.5208333333333334
1181,AC,28,0.4375,0.5416666666666666
1182,CD,28,0.625,0.5416666666666666
1183,CD,28,0.5,0.625
1184,CD,28,0.625,0.4791666666666667
1185,CD,28,0.6875,0.5416666666666666
1186,CD,28,0.6875,0.625
1187,CD,28,0.5625,0.4791666666666667
1188,CG,28,0.375,0.5208333333333334
1189,CG,28,0.4375,0.5833333333333334
1190,CG,28,0.5625,0.5208333333333334
1191,CG,28,0.5,0.5208333333333334
1192,CG,28,0.5,0.5416666666666666
1193,CG,28,0.5,0.5
1194,DA,28,0.4375,0.5416666666666666
1195,DA,28,0.5,0.5416666666666666
1196,DA,28,0.4375,0.5416666666666666
1197,DA,28,0.5,0.6041666666666666
1198,DA,28,0.5,0.5208333333333334
1199,DA,28,0.4375,0.5416666666666666
1200,JN,28,0.5,0.5
1201,JN,28,0.5,0.5416666666666666
1202,JN,28,0.625,0.5625
1203,JN,28,0.5625,0.5416666666666666
1204,JN,28,0.75,0.6458333333333334
1205,JN,28,0.4375,0.4791666666666667
1206,JS,28,0.625,0.5416666666666666
1207,JS,28,0.625,0.625
1208,JS,28,0.6875,0.5208333333333334
1209,JS,28,0.6875,0.5208333333333334
1210,JS,28,0.5625,0.625
1211,JS,28,0.6875,0.5208333333333334
1212,SK,28,0.5,0.5
1213,SK,28,0.5625,0.5208333333333334
1214,SK,28,0.5,0.5
1215,SK,28,0.625,0.4791666666666667
1216,SK,28,0.5,0.5416666666666666
1217,SK,28,0.5,0.5208333333333334
1218,AC,29,0.5,0.5208333333333334
1219,AC,29,0.5625,0.5416666666666666
1220,AC,29,0.5625,0.625
1221,AC,29,0.5625,0.5625
1222,AC,29,0.625,0.5416666666666666
1223,AC,29,0.4375,0.5208333333333334
1224,CD,29,0.625,0.4375
1225,CD,29,0.5,0.4791666666666667
1226,CD,29,0.5,0.4166666666666667
1227,CD,29,0.5625,0.4166666666666667
1228,CD,29,0.625,0.5833333333333334
1229,CD,29,0.5625,0.4166666666666667
1230,CG,29,0.5625,0.5833333333333334
1231,CG,29,0.5,0.5208333333333334
1232,CG,29,0.4375,0.4166666666666667
1233,CG,29,0.4375,0.625
1234,CG,29,0.4375,0.5416666666666666
1235,CG,29,0.625,0.4583333333333333
1236,DA,29,0.5,0.6458333333333334
1237,DA,29,0.5,0.5208333333333334
1238,DA,29,0.5,0.5
1239,DA,29,0.5,0.5208333333333334
1240,DA,29,0.5,0.5833333333333334
1241,DA,29,0.4375,0.5625
1242,JN,29,0.8125,0.6875
1243,JN,29,0.5625,0.5208333333333334
1244,JN,29,0.5625,0.5833333333333334
1245,JN,29,0.625,0.6875
1246,JN,29,0.8125,0.6666666666666666
1247,JN,29,0.375,0.5
1248,JS,29,0.6875,0.5833333333333334
1249,JS,29,0.6875,0.6458333333333334
1250,JS,29,0.625,0.5
1251,JS,29,0.6875,0.5416666666666666
1252,JS,29,0.6875,0.6041666666666666
1253,JS,29,0.4375,0.3958333333333333
1254,SK,29,0.4375,0.5
1255,SK,29,0.375,0.5
1256,SK,29,0.5,0.4583333333333333
1257,SK,29,0.4375,0.4791666666666667
1258,SK,29,0.5625,0.5
1259,SK,29,0.5625,0.4583333333333333
1260,AC,30,0.375,0.5208333333333334
1261,AC,30,0.4375,0.5625
1262,AC,30,0.4375,0.5416666666666666
1263,AC,30,0.4375,0.5416666666666666
1264,AC,30,0.4375,0.5416666666666666
1265,AC,30,0.5,0.5625
1266,CD,30,0.5,0.5208333333333334
1267,CD,30,0.5,0.5
1268,CD,30,0.3125,0.5625
1269,CD,30,0.625,0.4583333333333333
1270,CD,30,0.625,0.5208333333333334
1271,CD,30,0.5625,0.6041666666666666
1272,CG,30,0.4375,0.4375
1273,CG,30,0.6875,0.5208333333333334
1274,CG,30,0.5625,0.5208333333333334
1275,CG,30,0.4375,0.4583333333333333
1276,CG,30,0.4375,0.4583333333333333
1277,CG,30,0.4375,0.4791666666666667
1278,DA,30,0.5625,0.5208333333333334
1279,DA,30,0.5625,0.5
1280,DA,30,0.625,0.4166666666666667
1281,DA,30,0.5,0.4583333333333333
1282,DA,30,0.5,0.5208333333333334
1283,DA,30,0.6875,0.4791666666666667
1284,JN,30,0.625,0.6041666666666666
1285,JN,30,0.5625,0.4583333333333333
1286,JN,30,0.5625,0.5
1287,JN,30,0.5,0.5208333333333334
1288,JN,30,0.625,0.7083333333333334
1289,JN,30,0.3125,0.4791666666666667
1290,JS,30,0.625,0.5625
1291,JS,30,0.6875,0.5833333333333334
1292,JS,30,0.5625,0.5208333333333334
1293,JS,30,0.75,0.5416666666666666
1294,JS,30,0.5625,0.625
1295,JS,30,0.5625,0.5208333333333334
1296,SK,30,0.4375,0.5625
1297,SK,30,0.5625,0.5833333333333334
1298,SK,30,0.5,0.5
1299,SK,30,0.1875,0.5208333333333334
1300,SK,30,0.5625,0.5
1301,SK,30,0.5,0.4791666666666667
1302,AC,31,0.5625,0.5833333333333334
1303,AC,31,0.5,0.5625
1304,AC,31,0.625,0.6458333333333334
1305,AC,31,0.4375,0.5625
1306,AC,31,0.625,0.5416666666666666
1307,AC,31,0.4375,0.5416666666666666
1308,CD,31,0.6875,0.5416666666666666
1309,CD,31,0.375,0.5625
1310,CD,31,0.625,0.5208333333333334
1311,CD,31,0.625,0.5625
1312,CD,31,0.625,0.5416666666666666
1313,CD,31,0.625,0.5625
1314,CG,31,0.5,0.4791666666666667
1315,CG,31,0.5,0.4791666666666667
1316,CG,31,0.375,0.5416666666666666
1317,CG,31,0.5,0.5416666666666666
1318,CG,31,0.5,0.5
1319,CG,31,0.4375,0.6458333333333334
1320,DA,31,0.6875,0.5625
1321,DA,31,0.4375,0.5625
1322,DA,31,0.4375,0.4791666666666667
1323,DA,31,0.4375,0.5208333333333334
1324,DA,31,0.5,0.5625
1325,DA,31,0.5625,0.4791666666666667
1326,JN,31,0.5625,0.5833333333333334
1327,JN,31,0.75,0.7083333333333334
1328,JN,31,0.5625,0.5416666666666666
1329,JN,31,0.6875,0.6875
1330,JN,31,0.625,0.6041666666666666
1331,JN,31,0.5625,0.6041666666666666
1332,JS,31,0.625,0.6458333333333334
1333,JS,31,0.625,0.5
1334,JS,31,0.625,0.5208333333333334
1335,JS,31,0.75,0.6041666666666666
1336,JS,31,0.75,0.6875
1337,JS,31,0.5,0.5
1338,SK,31,0.5625,0.4583333333333333
1339,SK,31,0.5,0.5208333333333334
1340,SK,31,0.5,0.5416666666666666
1341,SK,31,0.6875,0.4791666666666667
1342,SK,31,0.5,0.5416666666666666
1343,SK,31,0.5625,0.4583333333333333
1344,AC,32,0.5625,0.5625
1345,AC,32,0.4375,0.5208333333333334
1346,AC,32,0.5625,0.4375
1347,AC,32,0.5625,0.5
1348,AC,32,0.4375,0.4791666666666667
1349,AC,32,0.4375,0.4583333333333333
1350,CD,32,0.5625,0.5833333333333334
1351,CD,32,0.625,0.5416666666666666
1352,CD,32,0.5625,0.5208333333333334
1353,CD,32,0.5625,0.5416666666666666
1354,CD,32,0.5625,0.5208333333333334
1355,CD,32,0.5,0.5
1356,CG,32,0.5,0.5208333333333334
1357,CG,32,0.5,0.5625
1358,CG,32,0.5625,0.5416666666666666
1359,CG,32,0.5625,0.5416666666666666
1360,CG,32,0.5625,0.5625
1361,CG,32,0.5625,0.5
1362,DA,32,0.5,0.5416666666666666
1363,DA,32,0.5625,0.5208333333333334
1364,DA,32,0.4375,0.4583333333333333
1365,DA,32,0.5625,0.5625
1366,DA,32,0.5,0.5416666666666666
1367,DA,32,0.3125,0.4583333333333333
1368,JN,32,0.6875,0.6458333333333334
1369,JN,32,0.75,0.5833333333333334
1370,JN,32,0.6875,0.5625
1371,JN,32,0.6875,0.6458333333333334
1372,JN,32,0.75,0.5833333333333334
1373,JN,32,0.5,0.5
1374,JS,32,0.75,0.5416666666666666
1375,JS,32,0.5625,0.6041666666666666
1376,JS,32,0.6875,0.5
1377,JS,32,0.4375,0.5416666666666666
1378,JS,32,0.625,0.6666666666666666
1379,JS,32,0.5625,0.5
1380,SK,32,0.625,0.4791666666666667
1381,SK,32,0.5625,0.5208333333333334
1382,SK,32,0.5,0.4583333333333333
1383,SK,32,0.5,0.4583333333333333
1384,SK,32,0.5625,0.4583333333333333
1385,SK,32,0.375,0.4791666666666667
1386,AC,33,0.3125,0.5208333333333334
1387,AC,33,0.5,0.5208333333333334
1388,AC,33,0.5625,0.4583333333333333
1389,AC,33,0.5,0.5625
1390,AC,33,0.4375,0.4583333333333333
1391,AC,33,0.4375,0.5416666666666666
1392,CD,33,0.625,0.4166666666666667
1393,CD,33,0.75,0.5833333333333334
1394,CD,33,0.3125,0.5625
1395,CD,33,0.6875,0.4583333333333333
1396,CD,33,0.75,0.6041666666666666
1397,CD,33,0.625,0.4791666666666667
1398,CG,33,0.5,0.5625
1399,CG,33,0.5,0.4791666666666667
1400,CG,33,0.5,0.5416666666666666
1401,CG,33,0.5625,0.6458333333333334
1402,CG,33,0.4375,0.5416666666666666
1403,CG,33,0.5,0.5208333333333334
1404,DA,33,0.4375,0.4791666666666667
1405,DA,33,0.375,0.4791666666666667
1406,DA,33,0.4375,0.4791666666666667
1407,DA,33,0.4375,0.4791666666666667
1408,DA,33,0.5,0.5208333333333334
1409,DA,33,0.5,0.5
1410,JN,33,0.5625,0.5833333333333334
1411,JN,33,0.6875,0.6666666666666666
1412,JN,33,0.6875,0.7083333333333334
1413,JN,33,0.375,0.4583333333333333
1414,JN,33,0.75,0.6041666666666666
1415,JN,33,0.5625,0.5625
1416,JS,33,0.6875,0.5208333333333334
1417,JS,33,0.625,0.4583333333333333
1418,JS,33,0.6875,0.5625
1419,JS,33,0.75,0.5833333333333334
1420,JS,33,0.625,0.4791666666666667
1421,JS,33,0.5625,0.5208333333333334
1422,SK,33,0.5625,0.5
1423,SK,33,0.625,0.5
1424,SK,33,0.5,0.5208333333333334
1425,SK,33,0.25,0.5416666666666666
1426,SK,33,0.5625,0.4791666666666667
1427,SK,33,0.5625,0.4791666666666667
1428,AC,34,0.5625,0.4166666666666667
1429,AC,34,0.5,0.4583333333333333
1430,AC,34,0.375,0.5208333333333334
1431,AC,34,0.5625,0.5625
1432,AC,34,0.5,0.6041666666666666
1433,AC,34,0.4375,0.4791666666666667
1434,CD,34,0.6875,0.5208333333333334
1435,CD,34,0.625,0.5833333333333334
1436,CD,34,0.5625,0.5833333333333334
1437,CD,34,0.625,0.5416666666666666
1438,CD,34,0.625,0.5
1439,CD,34,0.4375,0.4583333333333333
1440,CG,34,0.625,0.6041666666666666
1441,CG,34,0.375,0.5833333333333334
1442,CG,34,0.375,0.5625
1443,CG,34,0.4375,0.5625
1444,CG,34,0.5625,0.6666666666666666
1445,CG,34,0.375,0.4583333333333333
1446,DA,34,0.5,0.5625
1447,DA,34,0.5,0.4791666666666667
1448,DA,34,0.5,0.5
1449,DA,34,0.5,0.5208333333333334
1450,DA,34,0.5,0.5208333333333334
1451,DA,34,0.5625,0.4791666666666667
1452,JN,34,0.8125,0.6458333333333334
1453,JN,34,0.5,0.5208333333333334
1454,JN,34,0.8125,0.6458333333333334
1455,JN,34,0.5,0.5208333333333334
1456,JN,34,0.625,0.625
1457,JN,34,0.1875,0.4791666666666667
1458,JS,34,0.75,0.6041666666666666
1459,JS,34,0.5,0.5208333333333334
1460,JS,34,0.5,0.5208333333333334
1461,JS,34,0.5,0.5208333333333334
1462,JS,34,0.5,0.4583333333333333
1463,JS,34,0.375,0.4791666666666667
1464,SK,34,0.5625,0.4375
1465,SK,34,0.4375,0.5
1466,SK,34,0.5625,0.5
1467,SK,34,0.625,0.4166666666666667
1468,SK,34,0.5,0.5208333333333334
1469,SK,34,0.5625,0.4583333333333333
1470,AC,35,0.5625,0.5208333333333334
1471,AC,35,0.5625,0.4375
1472,AC,35,0.5625,0.5625
1473,AC,35,0.5625,0.5208333333333334
1474,AC,35,0.3125,0.5625
1475,AC,35,0.4375,0.5625
1476,CD,35,0.875,0.4583333333333333
1477,CD,35,0.4375,0.6041666666666666
1478,CD,35,0.625,0.5416666666666666
1479,CD,35,0.625,0.6041666666666666
1480,CD,35,0.5625,0.4375
1481,CD,35,0.625,0.5833333333333334
1482,CG,35,0.5625,0.4791666666666667
1483,CG,35,0.5,0.4583333333333333
1484,CG,35,0.5625,0.3958333333333333
1485,CG,35,0.625,0.5416666666666666
1486,CG,35,0.6875,0.4166666666666667
1487,CG,35,0.4375,0.4375
1488,DA,35,0.4375,0.5208333333333334
1489,DA,35,0.5,0.5416666666666666
1490,DA,35,0.5,0.5208333333333334
1491,DA,35,0.5,0.5208333333333334
1492,DA,35,0.5,0.5416666666666666
1493,DA,35,0.3125,0.4583333333333333
1494,JN,35,0.5,0.5833333333333334
1495,JN,35,0.5,0.6458333333333334
1496,JN,35,0.5,0.5625
1497,JN,35,0.5,0.5
1498,JN,35,0.75,0.6666666666666666
1499,JN,35,0.5,0.5208333333333334
1500,JS,35,0.625,0.5208333333333334
1501,JS,35,0.75,0.5208333333333334
1502,JS,35,0.5625,0.5
1503,JS,35,0.625,0.5833333333333334
1504,JS,35,0.75,0.6458333333333334
1505,JS,35,0.5625,0.5416666666666666
1506,SK,35,0.5625,0.4583333333333333
1507,SK,35,0.5625,0.5
1508,SK,35,0.3125,0.4791666666666667
1509,SK,35,0.4375,0.3958333333333333
1510,SK,35,0.5625,0.5
1511,SK,35,0.3125,0.4791666666666667
1512,AC,36,0.5,0.5833333333333334
1513,AC,36,0.4375,0.5208333333333334
1514,AC,36,0.5625,0.5416666666666666
1515,AC,36,0.375,0.5208333333333334
1516,AC,36,0.5625,0.6458333333333334
1517,AC,36,0.375,0.5208333333333334
1518,CD,36,0.625,0.5416666666666666
1519,CD,36,0.75,0.4166666666666667
1520,CD,36,0.625,0.4791666666666667
1521,CD,36,0.5625,0.5
1522,CD,36,0.5625,0.5833333333333334
1523,CD,36,0.6875,0.4375
1524,CG,36,0.5,0.4583333333333333
1525,CG,36,0.5,0.5
1526,CG,36,0.5,0.5416666666666666
1527,CG,36,0.4375,0.4791666666666667
1528,CG,36,0.375,0.4583333333333333
1529,CG,36,0.5,0.4583333333333333
1530,DA,36,0.5,0.5416666666666666
1531,DA,36,0.5,0.5208333333333334
1532,DA,36,0.5,0.4791666666666667
1533,DA,36,0.4375,0.5833333333333334
1534,DA,36,0.5,0.5625
1535,DA,36,0.4375,0.4791666666666667
1536,JN,36,0.6875,0.625
1537,JN,36,0.75,0.6041666666666666
1538,JN,36,0.8125,0.5833333333333334
1539,JN,36,0.5,0.5208333333333334
1540,JN,36,0.75,0.625
1541,JN,36,0.3125,0.3958333333333333
1542,JS,36,0.6875,0.6458333333333334
1543,JS,36,0.625,0.5208333333333334
1544,JS,36,0.6875,0.5
1545,JS,36,0.75,0.5208333333333334
1546,JS,36,0.6875,0.5
1547,JS,36,0.5,0.5208333333333334
1548,SK,36,0.375,0.3958333333333333
1549,SK,36,0.5625,0.5416666666666666
1550,SK,36,0.5,0.4791666666666667
1551,SK,36,0.4375,0.3958333333333333
1552,SK,36,0.5625,0.4375
1553,SK,36,0.4375,0.4166666666666667
1554,AC,37,0.5625,0.5416666666666666
1555,AC,37,0.4375,0.5
1556,AC,37,0.5,0.5625
1557,AC,37,0.5,0.5833333333333334
1558,AC,37,0.5,0.5625
1559,AC,37,0.5,0.5625
1560,CD,37,0.5,0.5208333333333334
1561,CD,37,0.625,0.4791666666666667
1562,CD,37,0.625,0.4583333333333333
1563,CD,37,0.625,0.4791666666666667
1564,CD,37,0.625,0.5416666666666666
1565,CD,37,0.6875,0.4375
1566,CG,37,0.4375,0.4791666666666667
1567,CG,37,0.5,0.5208333333333334
1568,CG,37,0.5,0.4791666666666667
1569,CG,37,0.5,0.5833333333333334
1570,CG,37,0.4375,0.4791666666666667
1571,CG,37,0.4375,0.6458333333333334
1572,DA,37,0.5,0.5208333333333334
1573,DA,37,0.5,0.5625
1574,DA,37,0.5,0.5
1575,DA,37,0.375,0.625
1576,DA,37,0.5625,0.6041666666666666
1577,DA,37,0.4375,0.4791666666666667
1578,JN,37,0.5625,0.5416666666666666
1579,JN,37,0.5625,0.5416666666666666
1580,JN,37,0.6875,0.5416666666666666
1581,JN,37,0.75,0.6666666666666666
1582,JN,37,0.75,0.6666666666666666
1583,JN,37,0.5,0.4583333333333333
1584,JS,37,0.5,0.5416666666666666
1585,JS,37,0.4375,0.5416666666666666
1586,JS,37,0.5625,0.5
1587,JS,37,0.625,0.6458333333333334
1588,JS,37,0.625,0.5208333333333334
1589,JS,37,0.5625,0.5416666666666666
1590,SK,37,0.375,0.5
1591,SK,37,0.4375,0.4166666666666667
1592,SK,37,0.5625,0.4791666666666667
1593,SK,37,0.625,0.4583333333333333
1594,SK,37,0.5,0.4375
1595,SK,37,0.375,0.5
1596,AC,38,0.4375,0.5416666666666666
1597,AC,38,0.375,0.5625
1598,AC,38,0.5625,0.5833333333333334
1599,AC,38,0.5,0.5
1600,AC,38,0.5625,0.5625
1601,AC,38,0.375,0.5208333333333334
1602,CD,38,0.625,0.5208333333333334
1603,CD,38,0.5,0.5
1604,CD,38,0.625,0.4791666666666667
1605,CD,38,0.625,0.5208333333333334
1606,CD,38,0.625,0.5208333333333334
1607,CD,38,0.625,0.5416666666666666
1608,CG,38,0.4375,0.5416666666666666
1609,CG,38,0.5,0.5
1610,CG,38,0.5,0.5208333333333334
1611,CG,38,0.4375,0.4583333333333333
1612,CG,38,0.5,0.5208333333333334
1613,CG,38,0.4375,0.3541666666666667
1614,DA,38,0.5,0.5625
1615,DA,38,0.5,0.5208333333333334
1616,DA,38,0.5,0.4791666666666667
1617,DA,38,0.4375,0.5208333333333334
1618,DA,38,0.5,0.4791666666666667
1619,DA,38,0.4375,0.4791666666666667
1620,JN,38,0.6875,0.5833333333333334
1621,JN,38,0.75,0.5833333333333334
1622,JN,38,0.5625,0.4791666666666667
1623,JN,38,0.5,0.5208333333333334
1624,JN,38,0.6875,0.6041666666666666
1625,JN,38,0.5625,0.5
1626,JS,38,0.5625,0.625
1627,JS,38,0.5,0.5
1628,JS,38,0.5,0.5
1629,JS,38,0.6875,0.4583333333333333
1630,JS,38,0.6875,0.4583333333333333
1631,JS,38,0.625,0.6041666666666666
1632,SK,38,0.625,0.4583333333333333
1633,SK,38,0.5,0.375
1634,SK,38,0.5,0.5
1635,SK,38,0.5625,0.4375
1636,SK,38,0.5625,0.4583333333333333
1637,SK,38,0.5625,0.5
1638,AC,39,0.5625,0.5208333333333334
1639,AC,39,0.5,0.5416666666666666
1640,AC,39,0.625,0.5416666666666666
1641,AC,39,0.5625,0.4791666666666667
1642,AC,39,0.625,0.5208333333333334
1643,AC,39,0.375,0.5833333333333334
1644,CD,39,0.625,0.4791666666666667
1645,CD,39,0.625,0.4791666666666667
1646,CD,39,0.625,0.4791666666666667
1647,CD,39,0.625,0.4375
1648,CD,39,0.5625,0.5416666666666666
1649,CD,39,0.75,0.4166666666666667
1650,CG,39,0.4375,0.4583333333333333
1651,CG,39,0.5,0.5208333333333334
1652,CG,39,0.4375,0.5208333333333334
1653,CG,39,0.4375,0.4791666666666667
1654,CG,39,0.5625,0.5625
1655,CG,39,0.4375,0.4791666666666667
1656,DA,39,0.5625,0.5208333333333334
1657,DA,39,0.5,0.4583333333333333
1658,DA,39,0.5,0.4791666666666667
1659,DA,39,0.5625,0.5625
1660,DA,39,0.5,0.5416666666666666
1661,DA,39,0.5625,0.5416666666666666
1662,JN,39,0.625,0.6875
1663,JN,39,0.5625,0.5208333333333334
1664,JN,39,0.5625,0.5208333333333334
1665,JN,39,0.8125,0.6458333333333334
1666,JN,39,0.625,0.6875
1667,JN,39,0.375,0.375
1668,JS,39,0.75,0.5833333333333334
1669,JS,39,0.4375,0.5625
1670,JS,39,0.625,0.5208333333333334
1671,JS,39,0.6875,0.5625
1672,JS,39,0.625,0.5833333333333334
1673,JS,39,0.625,0.5208333333333334
1674,SK,39,0.4375,0.4375
1675,SK,39,0.5,0.5
1676,SK,39,0.5625,0.4583333333333333
1677,SK,39,0.5625,0.4583333333333333
1678,SK,39,0.625,0.4375
1679,SK,39,0.375,0.4583333333333333
1680,AC,40,0.5,0.4583333333333333
1681,AC,40,0.4375,0.6041666666666666
1682,AC,40,0.5625,0.5625
1683,AC,40,0.5,0.5
1684,AC,40,0.4375,0.6875
1685,AC,40,0.5625,0.4791666666666667
1686,CD,40,0.625,0.5416666666666666
1687,CD,40,0.3125,0.5625
1688,CD,40,0.3125,0.5625
1689,CD,40,0.8125,0.5
1690,CD,40,0.625,0.5208333333333334
1691,CD,40,0.875,0.4375
1692,CG,40,0.5625,0.4583333333333333
1693,CG,40,0.5,0.3958333333333333
1694,CG,40,0.625,0.375
1695,CG,40,0.5,0.5625
1696,CG,40,0.4375,0.4791666666666667
1697,CG,40,0.5625,0.4166666666666667
1698,DA,40,0.6875,0.5
1699,DA,40,0.4375,0.5625
1700,DA,40,0.5,0.5208333333333334
1701,DA,40,0.5,0.5416666666666666
1702,DA,40,0.5,0.5
1703,DA,40,0.375,0.5208333333333334
1704,JN,40,0.5625,0.625
1705,JN,40,0.8125,0.6666666666666666
1706,JN,40,0.75,0.6041666666666666
1707,JN,40,0.5,0.5208333333333334
1708,JN,40,0.6875,0.6458333333333334
1709,JN,40,0.5,0.625
1710,JS,40,0.625,0.5
1711,JS,40,0.625,0.5
1712,JS,40,0.5625,0.4583333333333333
1713,JS,40,0.5625,0.5208333333333334
1714,JS,40,0.5625,0.5416666666666666
1715,JS,40,0.6875,0.5208333333333334
1716,SK,40,0.5625,0.5
1717,SK,40,0.5625,0.4166666666666667
1718,SK,40,0.5,0.4583333333333333
1719,SK,40,0.375,0.5416666666666666
1720,SK,40,0.5,0.5
1721,SK,40,0.5,0.4583333333333333
1722,AC,41,0.5625,0.5
1723,AC,41,0.625,0.4375
1724,AC,41,0.5625,0.5208333333333334
1725,AC,41,0.5,0.5208333333333334
1726,AC,41,0.4375,0.5
1727,AC,41,0.375,0.5833333333333334
1728,CD,41,0.625,0.5625
1729,CD,41,0.625,0.5208333333333334
1730,CD,41,0.5,0.5208333333333334
1731,CD,41,0.5,0.5208333333333334
1732,CD,41,0.8125,0.5416666666666666
1733,CD,41,0.5625,0.5
1734,CG,41,0.4375,0.4583333333333333
1735,CG,41,0.5625,0.5625
1736,CG,41,0.5,0.5833333333333334
1737,CG,41,0.5625,0.5625
1738,CG,41,0.625,0.5833333333333334
1739,CG,41,0.5625,0.5416666666666666
1740,DA,41,0.3125,0.4791666666666667
1741,DA,41,0.5,0.4791666666666667
1742,DA,41,0.375,0.5416666666666666
1743,DA,41,0.4375,0.6041666666666666
1744,DA,41,0.5625,0.5208333333333334
1745,DA,41,0.5625,0.5416666666666666
1746,JN,41,0.75,0.6875
1747,JN,41,0.75,0.7291666666666666
1748,JN,41,0.5,0.5625
1749,JN,41,0.5,0.5
1750,JN,41,0.625,0.625
1751,JN,41,0.6875,0.6458333333333334
1752,JS,41,0.6875,0.5208333333333334
1753,JS,41,0.5,0.5625
1754,JS,41,0.5625,0.5208333333333334
1755,JS,41,0.5,0.5
1756,JS,41,0.625,0.6458333333333334
1757,JS,41,0.5625,0.5
1758,SK,41,0.6875,0.4583333333333333
1759,SK,41,0.5625,0.5416666666666666
1760,SK,41,0.5625,0.4375
1761,SK,41,0.625,0.4791666666666667
1762,SK,41,0.8125,0.4583333333333333
1763,SK,41,0.5625,0.3958333333333333
1764,AC,42,0.5,0.5416666666666666
1765,AC,42,0.625,0.5208333333333334
1766,AC,42,0.625,0.6458333333333334
1767,AC,42,0.4375,0.5416666666666666
1768,AC,42,0.4375,0.625
1769,AC,42,0.5,0.5625
1770,CD,42,0.625,0.5208333333333334
1771,CD,42,0.4375,0.5625
1772,CD,42,0.5625,0.5
1773,CD,42,0.625,0.5625
1774,CD,42,0.625,0.6041666666666666
1775,CD,42,0.625,0.3958333333333333
1776,CG,42,0.5,0.5833333333333334
1777,CG,42,0.5625,0.5
1778,CG,42,0.5625,0.5416666666666666
1779,CG,42,0.4375,0.5416666666666666
1780,CG,42,0.5,0.5833333333333334
1781,CG,42,0.375,0.5625
1782,DA,42,0.3125,0.5208333333333334
1783,DA,42,0.25,0.5
1784,DA,42,0.25,0.5
1785,DA,42,0.4375,0.5208333333333334
1786,DA,42,0.375,0.5208333333333334
1787,DA,42,0.5,0.5416666666666666
1788,JN,42,0.625,0.5625
1789,JN,42,0.6875,0.5416666666666666
1790,JN,42,0.625,0.5208333333333334
1791,JN,42,0.5,0.5208333333333334
1792,JN,42,0.5625,0.5208333333333334
1793,JN,42,0.5625,0.5
1794,JS,42,0.6875,0.625
1795,JS,42,0.875,0.4791666666666667
1796,JS,42,0.75,0.5625
1797,JS,42,0.6875,0.5625
1798,JS,42,0.625,0.5625
1799,JS,42,0.5625,0.6041666666666666
1800,SK,42,0.625,0.4791666666666667
1801,SK,42,0.6875,0.3541666666666667
1802,SK,42,0.5625,0.4791666666666667
1803,SK,42,0.5625,0.4791666666666667
1804,SK,42,0.375,0.4583333333333333
1805,SK,42,0.4375,0.4583333333333333
1806,AC,43,0.5,0.4791666666666667
1807,AC,43,0.5,0.5
1808,AC,43,0.625,0.4583333333333333
1809,AC,43,0.5,0.5208333333333334
1810,AC,43,0.4375,0.5208333333333334
1811,AC,43,0.3125,0.5625
1812,CD,43,0.5625,0.5208333333333334
1813,CD,43,0.4375,0.5208333333333334
1814,CD,43,0.625,0.5416666666666666
1815,CD,43,0.625,0.5416666666666666
1816,CD,43,0.625,0.4583333333333333
1817,CD,43,0.625,0.4791666666666667
1818,CG,43,0.5,0.4375
1819,CG,43,0.4375,0.4791666666666667
1820,CG,43,0.5625,0.5
1821,CG,43,0.5,0.5416666666666666
1822,CG,43,0.4375,0.4791666666666667
1823,CG,43,0.5,0.5625
1824,DA,43,0.375,0.4375
1825,DA,43,0.1875,0.5
1826,DA,43,0.5,0.4583333333333333
1827,DA,43,0.5,0.4583333333333333
1828,DA,43,0.5,0.5
1829,DA,43,0.3125,0.4166666666666667
1830,JN,43,0.5625,0.5
1831,JN,43,0.5,0.4583333333333333
1832,JN,43,0.5,0.5
1833,JN,43,0.5625,0.5208333333333334
1834,JN,43,0.5625,0.5625
1835,JN,43,0.5625,0.5208333333333334
1836,JS,43,0.625,0.5833333333333334
1837,JS,43,0.5,0.4583333333333333
1838,JS,43,0.5,0.4375
1839,JS,43,0.3125,0.4375
1840,JS,43,0.5625,0.5208333333333334
1841,JS,43,0.75,0.5208333333333334
1842,SK,43,0.5625,0.4375
1843,SK,43,0.5,0.4791666666666667
1844,SK,43,0.5,0.4791666666666667
1845,SK,43,0.5625,0.4375
1846,SK,43,0.5625,0.4791666666666667
1847,SK,43,0.5,0.5208333333333334
1848,AC,44,0.5,0.5416666666666666
1849,AC,44,0.375,0.4583333333333333
1850,AC,44,0.5625,0.5833333333333334
1851,AC,44,0.625,0.5625
1852,AC,44,0.5625,0.5208333333333334
1853,AC,44,0.5,0.5208333333333334
1854,CD,44,0.625,0.5625
1855,CD,44,0.5,0.5208333333333334
1856,CD,44,0.625,0.5
1857,CD,44,0.625,0.5208333333333334
1858,CD,44,0.625,0.5625
1859,CD,44,0.6875,0.5208333333333334
1860,CG,44,0.4375,0.5416666666666666
1861,CG,44,0.5,0.5416666666666666
1862,CG,44,0.5,0.5
1863,CG,44,0.5,0.5
1864,CG,44,0.4375,0.5208333333333334
1865,CG,44,0.5625,0.5
1866,DA,44,0.5,0.5625
1867,DA,44,0.625,0.4791666666666667
1868,DA,44,0.5,0.4583333333333333
1869,DA,44,0.5,0.5208333333333334
1870,DA,44,0.5,0.5625
1871,DA,44,0.5625,0.5625
1872,JN,44,0.6875,0.5416666666666666
1873,JN,44,0.75,0.6458333333333334
1874,JN,44,0.625,0.5208333333333334
1875,JN,44,0.75,0.6458333333333334
1876,JN,44,0.75,0.6458333333333334
1877,JN,44,0.5625,0.5625
1878,JS,44,0.5,0.4791666666666667
1879,JS,44,0.5625,0.5416666666666666
1880,JS,44,0.5,0.5416666666666666
1881,JS,44,0.6875,0.6041666666666666
1882,JS,44,0.5,0.6041666666666666
1883,JS,44,0.625,0.5416666666666666
1884,SK,44,0.4375,0.5416666666666666
1885,SK,44,0.4375,0.5625
1886,SK,44,0.5625,0.5833333333333334
1887,SK,44,0.625,0.4791666666666667
1888,SK,44,0.625,0.5
1889,SK,44,0.625,0.5
1890,AC,45,0.5,0.5208333333333334
1891,AC,45,0.5,0.5208333333333334
1892,AC,45,0.5,0.5625
1893,AC,45,0.6875,0.6041666666666666
1894,AC,45,0.5,0.6041666666666666
1895,AC,45,0.5,0.5208333333333334
1896,CD,45,0.5,0.5
1897,CD,45,0.5,0.5208333333333334
1898,CD,45,0.625,0.5
1899,CD,45,0.625,0.4583333333333333
1900,CD,45,0.625,0.5208333333333334
1901,CD,45,0.625,0.3958333333333333
1902,CG,45,0.5,0.4791666666666667
1903,CG,45,0.4375,0.4583333333333333
1904,CG,45,0.375,0.4791666666666667
1905,CG,45,0.4375,0.4583333333333333
1906,CG,45,0.4375,0.5
1907,CG,45,0.5,0.5833333333333334
1908,DA,45,0.5,0.5
1909,DA,45,0.4375,0.5833333333333334
1910,DA,45,0.4375,0.5
1911,DA,45,0.5,0.5
1912,DA,45,0.5625,0.6041666666666666
1913,DA,45,0.3125,0.4583333333333333
1914,JN,45,0.75,0.6458333333333334
1915,JN,45,0.75,0.6666666666666666
1916,JN,45,0.5625,0.5
1917,JN,45,0.8125,0.5833333333333334
1918,JN,45,0.5625,0.5833333333333334
1919,JN,45,0.75,0.6458333333333334
1920,JS,45,0.5,0.5208333333333334
1921,JS,45,0.5,0.4791666666666667
1922,JS,45,0.75,0.5416666666666666
1923,JS,45,0.625,0.6458333333333334
1924,JS,45,0.6875,0.5833333333333334
1925,JS,45,0.625,0.5
1926,SK,45,0.5,0.4583333333333333
1927,SK,45,0.5625,0.4375
1928,SK,45,0.5625,0.4791666666666667
1929,SK,45,0.4375,0.4583333333333333
1930,SK,45,0.5,0.4375
1931,SK,45,0.5625,0.4583333333333333
1932,AC,46,0.375,0.4583333333333333
1933,AC,46,0.4375,0.5208333333333334
1934,AC,46,0.5625,0.5208333333333334
1935,AC,46,0.4375,0.5416666666666666
1936,AC,46,0.4375,0.625
1937,AC,46,0.5,0.4375
1938,CD,46,0.625,0.5208333333333334
1939,CD,46,0.625,0.4583333333333333
1940,CD,46,0.3125,0.5416666666666666
1941,CD,46,0.625,0.4583333333333333
1942,CD,46,0.5625,0.5833333333333334
1943,CD,46,0.625,0.5208333333333334
1944,CG,46,0.4375,0.4791666666666667
1945,CG,46,0.5,0.5208333333333334
1946,CG,46,0.5625,0.5208333333333334
1947,CG,46,0.4375,0.4583333333333333
1948,CG,46,0.4375,0.4583333333333333
1949,CG,46,0.3125,0.5
1950,DA,46,0.5,0.5
1951,DA,46,0.5,0.5
1952,DA,46,0.5625,0.4791666666666667
1953,DA,46,0.375,0.5833333333333334
1954,DA,46,0.5,0.5416666666666666
1955,DA,46,0.5625,0.5208333333333334
1956,JN,46,0.75,0.6458333333333334
1957,JN,46,0.625,0.6041666666666666
1958,JN,46,0.5625,0.5625
1959,JN,46,0.4375,0.4791666666666667
1960,JN,46,0.625,0.625
1961,JN,46,0.625,0.5416666666666666
1962,JS,46,0.625,0.4791666666666667
1963,JS,46,0.5,0.4791666666666667
1964,JS,46,0.75,0.5416666666666666
1965,JS,46,0.75,0.5208333333333334
1966,JS,46,0.5625,0.7083333333333334
1967,JS,46,0.6875,0.5
1968,SK,46,0.5,0.5
1969,SK,46,0.5,0.5
1970,SK,46,0.6875,0.5
1971,SK,46,0.5625,0.5
1972,SK,46,0.5625,0.5208333333333334
1973,SK,46,0.6875,0.5
1974,AC,47,0.625,0.5416666666666666
1975,AC,47,0.625,0.4375
1976,AC,47,0.5625,0.4791666666666667
1977,AC,47,0.5625,0.5416666666666666
1978,AC,47,0.6875,0.4791666666666667
1979,AC,47,0.5,0.4583333333333333
1980,CD,47,0.5625,0.4791666666666667
1981,CD,47,0.5625,0.4791666666666667
1982,CD,47,0.5625,0.4375
1983,CD,47,0.625,0.4583333333333333
1984,CD,47,0.5625,0.5
1985,CD,47,0.5625,0.4583333333333333
1986,CG,47,0.4375,0.5
1987,CG,47,0.375,0.4583333333333333
1988,CG,47,0.5625,0.5208333333333334
1989,CG,47,0.5,0.5
1990,CG,47,0.4375,0.5
1991,CG,47,0.6875,0.5416666666666666
1992,DA,47,0.5625,0.5208333333333334
1993,DA,47,0.5,0.4791666666666667
1994,DA,47,0.375,0.5416666666666666
1995,DA,47,0.4375,0.5833333333333334
1996,DA,47,0.5,0.5
1997,DA,47,0.4375,0.5208333333333334
1998,JN,47,0.8125,0.6041666666666666
1999,JN,47,0.625,0.5625
2000,JN,47,0.8125,0.5833333333333334
2001,JN,47,0.8125,0.5833333333333334
2002,JN,47,0.5625,0.625
2003,JN,47,0.5625,0.3541666666666667
2004,JS,47,0.5,0.5625
2005,JS,47,0.4375,0.5416666666666666
2006,JS,47,0.5625,0.5208333333333334
2007,JS,47,0.75,0.5416666666666666
2008,JS,47,0.875,0.6041666666666666
2009,JS,47,0.5,0.5416666666666666
2010,SK,47,0.5,0.4583333333333333
2011,SK,47,0.375,0.5416666666666666
2012,SK,47,0.5625,0.5
2013,SK,47,0.5625,0.5
2014,SK,47,0.625,0.5208333333333334
2015,SK,47,0.5,0.4791666666666667
2016,AC,48,0.5,0.5
2017,AC,48,0.5,0.4375
2018,AC,48,0.4375,0.5
2019,AC,48,0.4375,0.5208333333333334
2020,AC,48,0.4375,0.5208333333333334
2021,AC,48,0.5,0.4791666666666667
2022,CD,48,0.75,0.5208333333333334
2023,CD,48,0.6875,0.4583333333333333
2024,CD,48,0.25,0.5625
2025,CD,48,0.625,0.4583333333333333
2026,CD,48,0.625,0.4791666666666667
2027,CD,48,0.6875,0.3958333333333333
2028,CG,48,0.5,0.4375
2029,CG,48,0.4375,0.4791666666666667
2030,CG,48,0.5625,0.5
2031,CG,48,0.5,0.5208333333333334
2032,CG,48,0.4375,0.4583333333333333
2033,CG,48,0.5,0.3958333333333333
2034,DA,48,0.375,0.5208333333333334
2035,DA,48,0.5,0.5416666666666666
2036,DA,48,0.5,0.4791666666666667
2037,DA,48,0.5,0.5625
2038,DA,48,0.5,0.6041666666666666
2039,DA,48,0.5,0.5
2040,JN,48,0.625,0.6041666666666666
2041,JN,48,0.6875,0.625
2042,JN,48,0.5625,0.6041666666666666
2043,JN,48,0.5,0.5208333333333334
2044,JN,48,0.625,0.6458333333333334
2045,JN,48,0.625,0.6458333333333334
2046,JS,48,0.6875,0.5208333333333334
2047,JS,48,0.6875,0.5208333333333334
2048,JS,48,0.5625,0.5
2049,JS,48,0.6875,0.5833333333333334
2050,JS,48,0.5625,0.5
2051,JS,48,0.5,0.5416666666666666
2052,SK,48,0.625,0.4375
2053,SK,48,0.625,0.4791666666666667
2054,SK,48,0.5,0.4791666666666667
2055,SK,48,0.3125,0.5416666666666666
2056,SK,48,0.625,0.4791666666666667
2057,SK,48,0.5,0.4583333333333333
2058,AC,49,0.625,0.5416666666666666
2059,AC,49,0.5,0.5
2060,AC,49,0.5,0.5416666666666666
2061,AC,49,0.5625,0.5208333333333334
2062,AC,49,0.5,0.5
2063,AC,49,0.5625,0.5625
2064,CD,49,0.75,0.5208333333333334
2065,CD,49,0.5625,0.5
2066,CD,49,0.375,0.5833333333333334
2067,CD,49,0.625,0.5416666666666666
2068,CD,49,0.625,0.5
2069,CD,49,0.6875,0.5
2070,CG,49,0.5625,0.5208333333333334
2071,CG,49,0.625,0.4791666666666667
2072,CG,49,0.6875,0.5208333333333334
2073,CG,49,0.5625,0.5833333333333334
2074,CG,49,0.5625,0.5625
2075,CG,49,0.625,0.5625
2076,DA,49,0.5625,0.5
2077,DA,49,0.5625,0.4791666666666667
2078,DA,49,0.5625,0.4583333333333333
2079,DA,49,0.5,0.5
2080,DA,49,0.5,0.5625
2081,DA,49,0.4375,0.4791666666666667
2082,JN,49,0.5625,0.4583333333333333
2083,JN,49,0.75,0.6666666666666666
2084,JN,49,0.5,0.5416666666666666
2085,JN,49,0.5625,0.5625
2086,JN,49,0.6875,0.6875
2087,JN,49,0.5625,0.5833333333333334
2088,JS,49,0.6875,0.625
2089,JS,49,0.6875,0.6041666666666666
2090,JS,49,0.75,0.4791666666666667
2091,JS,49,0.8125,0.5416666666666666
2092,JS,49,0.75,0.625
2093,JS,49,0.625,0.4791666666666667
2094,SK,49,0.5,0.4583333333333333
2095,SK,49,0.5,0.4583333333333333
2096,SK,49,0.6875,0.4583333333333333
2097,SK,49,0.5,0.5
2098,SK,49,0.4375,0.4375
2099,SK,49,0.625,0.4791666666666667
2100,AC,50,0.6875,0.5416666666666666
2101,AC,50,0.5,0.5208333333333334
2102,AC,50,0.4375,0.5625
2103,AC,50,0.4375,0.5625
2104,AC,50,0.75,0.5833333333333334
2105,AC,50,0.375,0.5625
2106,CD,50,0.6875,0.5833333333333334
2107,CD,50,0.5,0.4166666666666667
2108,CD,50,0.625,0.5416666666666666
2109,CD,50,0.625,0.5
2110,CD,50,0.5625,0.5625
2111,CD,50,0.6875,0.5416666666666666
2112,CG,50,0.375,0.4375
2113,CG,50,0.375,0.5
2114,CG,50,0.5625,0.5416666666666666
2115,CG,50,0.5625,0.4791666666666667
2116,CG,50,0.375,0.4791666666666667
2117,CG,50,0.375,0.4583333333333333
2118,DA,50,0.625,0.5208333333333334
2119,DA,50,0.5625,0.5
2120,DA,50,0.5,0.5
2121,DA,50,0.5625,0.5833333333333334
2122,DA,50,0.5625,0.5208333333333334
2123,DA,50,0.4375,0.4583333333333333
2124,JN,50,0.75,0.6458333333333334
2125,JN,50,0.375,0.5833333333333334
2126,JN,50,0.5625,0.5625
2127,JN,50,0.75,0.6458333333333334
2128,JN,50,0.75,0.6041666666666666
2129,JN,50,0.4375,0.6458333333333334
2130,JS,50,0.625,0.6041666666666666
2131,JS,50,0.6875,0.6041666666666666
2132,JS,50,0.5,0.5
2133,JS,50,0.75,0.5416666666666666
2134,JS,50,0.75,0.5416666666666666
2135,JS,50,0.5,0.4375
2136,SK,50,0.6875,0.4791666666666667
2137,SK,50,0.5625,0.5208333333333334
2138,SK,50,0.5,0.4791666666666667
2139,SK,50,0.625,0.4375
2140,SK,50,0.5,0.5416666666666666
2141,SK,50,0.5625,0.5208333333333334
2142,AC,51,0.5,0.5208333333333334
2143,AC,51,0.4375,0.5625
2144,AC,51,0.5,0.5625
2145,AC,51,0.5625,0.5416666666666666
2146,AC,51,0.5,0.5
2147,AC,51,0.4375,0.5208333333333334
2148,CD,51,0.5625,0.5625
2149,CD,51,0.5625,0.5625
2150,CD,51,0.5,0.5625
2151,CD,51,0.625,0.5833333333333334
2152,CD,51,0.5625,0.5208333333333334
2153,CD,51,0.5625,0.4166666666666667
2154,CG,51,0.5,0.4583333333333333
2155,CG,51,0.5,0.5
2156,CG,51,0.4375,0.5208333333333334
2157,CG,51,0.625,0.5208333333333334
2158,CG,51,0.6875,0.5
2159,CG,51,0.4375,0.4166666666666667
2160,DA,51,0.6875,0.5833333333333334
2161,DA,51,0.625,0.4791666666666667
2162,DA,51,0.5,0.4791666666666667
2163,DA,51,0.5,0.4791666666666667
2164,DA,51,0.75,0.5625
2165,DA,51,0.5625,0.4583333333333333
2166,JN,51,0.625,0.5208333333333334
2167,JN,51,0.5625,0.5
2168,JN,51,0.5,0.6666666666666666
2169,JN,51,0.625,0.7083333333333334
2170,JN,51,0.5625,0.6666666666666666
2171,JN,51,0.3125,0.375
2172,JS,51,0.75,0.5625
2173,JS,51,0.625,0.5416666666666666
2174,JS,51,0.6875,0.5
2175,JS,51,0.75,0.6666666666666666
2176,JS,51,0.75,0.625
2177,JS,51,0.375,0.4375
2178,SK,51,0.625,0.5
2179,SK,51,0.4375,0.4583333333333333
2180,SK,51,0.5625,0.4791666666666667
2181,SK,51,0.5625,0.4791666666666667
2182,SK,51,0.5625,0.5208333333333334
2183,SK,51,0.5625,0.5
2184,AC,52,0.4375,0.5208333333333334
2185,AC,52,0.5,0.5
2186,AC,52,0.5,0.5416666666666666
2187,AC,52,0.5625,0.5
2188,AC,52,0.5625,0.5416666666666666
2189,AC,52,0.5625,0.4375
2190,CD,52,0.5625,0.5
2191,CD,52,0.625,0.4791666666666667
2192,CD,52,0.5625,0.5416666666666666
2193,CD,52,0.625,0.5416666666666666
2194,CD,52,0.5625,0.5416666666666666
2195,CD,52,0.75,0.4375
2196,CG,52,0.4375,0.4791666666666667
2197,CG,52,0.5625,0.4791666666666667
2198,CG,52,0.5625,0.5416666666666666
2199,CG,52,0.4375,0.5
2200,CG,52,0.5,0.4375
2201,CG,52,0.5,0.6041666666666666
2202,DA,52,0.5625,0.5833333333333334
2203,DA,52,0.5,0.5833333333333334
2204,DA,52,0.5,0.4375
2205,DA,52,0.5625,0.5208333333333334
2206,DA,52,0.5,0.5833333333333334
2207,DA,52,0.5625,0.5
2208,JN,52,0.6875,0.6458333333333334
2209,JN,52,0.75,0.5833333333333334
2210,JN,52,0.625,0.5416666666666666
2211,JN,52,0.5,0.5208333333333334
2212,JN,52,0.6875,0.625
2213,JN,52,0.5,0.4583333333333333
2214,JS,52,0.4375,0.4375
2215,JS,52,0.625,0.625
2216,JS,52,0.6875,0.5
2217,JS,52,0.75,0.5208333333333334
2218,JS,52,0.6875,0.6041666666666666
2219,JS,52,0.5,0.5
2220,SK,52,0.375,0.4791666666666667
2221,SK,52,0.5,0.4166666666666667
2222,SK,52,0.5,0.4791666666666667
2223,SK,52,0.3125,0.5
2224,SK,52,0.4375,0.5
2225,SK,52,0.5625,0.4375
2226,AC,53,0.5,0.5208333333333334
2227,AC,53,0.625,0.4791666666666667
2228,AC,53,0.5,0.5208333333333334
2229,AC,53,0.5,0.5
2230,AC,53,0.5625,0.5
2231,AC,53,0.5,0.4375
2232,CD,53,0.75,0.4791666666666667
2233,CD,53,0.6875,0.5416666666666666
2234,CD,53,0.5,0.5208333333333334
2235,CD,53,0.625,0.4583333333333333
2236,CD,53,0.625,0.5208333333333334
2237,CD,53,0.625,0.4375
2238,CG,53,0.5,0.4375
2239,CG,53,0.4375,0.4583333333333333
2240,CG,53,0.4375,0.4791666666666667
2241,CG,53,0.5,0.5625
2242,CG,53,0.5,0.5625
2243,CG,53,0.5,0.4375
2244,DA,53,0.4375,0.5833333333333334
2245,DA,53,0.5625,0.5208333333333334
2246,DA,53,0.5,0.5
2247,DA,53,0.5,0.5416666666666666
2248,DA,53,0.5,0.5416666666666666
2249,DA,53,0.5625,0.4583333333333333
2250,JN,53,0.5625,0.5208333333333334
2251,JN,53,0.5,0.5416666666666666
2252,JN,53,0.625,0.625
2253,JN,53,0.5,0.5208333333333334
2254,JN,53,0.8125,0.6458333333333334
2255,JN,53,0.5625,0.5833333333333334
2256,JS,53,0.5,0.5625
2257,JS,53,0.4375,0.5
2258,JS,53,0.4375,0.4583333333333333
2259,JS,53,0.5,0.4791666666666667
2260,JS,53,0.6875,0.5625
2261,JS,53,0.625,0.5625
2262,SK,53,0.6875,0.4375
2263,SK,53,0.4375,0.5
2264,SK,53,0.3125,0.4791666666666667
2265,SK,53,0.625,0.4791666666666667
2266,SK,53,0.625,0.5
2267,SK,53,0.4375,0.5
2268,AC,54,0.5,0.5833333333333334
2269,AC,54,0.5,0.5208333333333334
2270,AC,54,0.5,0.6041666666666666
2271,AC,54,0.5,0.5833333333333334
2272,AC,54,0.5625,0.625
2273,AC,54,0.5,0.5833333333333334
2274,CD,54,0.5625,0.5
2275,CD,54,0.5625,0.4583333333333333
2276,CD,54,0.6875,0.5416666666666666
2277,CD,54,0.625,0.5
2278,CD,54,0.625,0.5208333333333334
2279,CD,54,0.75,0.5416666666666666
2280,CG,54,0.6875,0.5416666666666666
2281,CG,54,0.4375,0.4375
2282,CG,54,0.5,0.4375
2283,CG,54,0.5625,0.4791666666666667
2284,CG,54,0.4375,0.4375
2285,CG,54,0.375,0.4166666666666667
2286,DA,54,0.5625,0.5
2287,DA,54,0.5,0.5208333333333334
2288,DA,54,0.5,0.4791666666666667
2289,DA,54,0.5,0.6458333333333334
2290,DA,54,0.5625,0.5416666666666666
2291,DA,54,0.5,0.5416666666666666
2292,JN,54,0.625,0.6666666666666666
2293,JN,54,0.75,0.7708333333333334
2294,JN,54,0.625,0.5833333333333334
2295,JN,54,0.6875,0.7083333333333334
2296,JN,54,0.75,0.7083333333333334
2297,JN,54,0.4375,0.5
2298,JS,54,0.5625,0.5
2299,JS,54,0.5,0.5416666666666666
2300,JS,54,0.6875,0.4791666666666667
2301,JS,54,0.75,0.5
2302,JS,54,0.6875,0.5208333333333334
2303,JS,54,0.5625,0.5208333333333334
2304,SK,54,0.625,0.5416666666666666
2305,SK,54,0.75,0.5416666666666666
2306,SK,54,0.5,0.5208333333333334
2307,SK,54,0.625,0.4583333333333333
2308,SK,54,0.625,0.5208333333333334
2309,SK,54,0.5,0.5
2310,AC,55,0.5,0.5625
2311,AC,55,0.5,0.5625
2312,AC,55,0.625,0.6041666666666666
2313,AC,55,0.5,0.5625
2314,AC,55,0.625,0.5833333333333334
2315,AC,55,0.5,0.4166666666666667
2316,CD,55,0.625,0.5
2317,CD,55,0.5625,0.4583333333333333
2318,CD,55,0.625,0.5416666666666666
2319,CD,55,0.625,0.4791666666666667
2320,CD,55,0.625,0.5416666666666666
2321,CD,55,0.375,0.3541666666666667
2322,CG,55,0.5,0.4583333333333333
2323,CG,55,0.625,0.5208333333333334
2324,CG,55,0.5625,0.4583333333333333
2325,CG,55,0.5,0.5416666666666666
2326,CG,55,0.5625,0.4583333333333333
2327,CG,55,0.5625,0.4583333333333333
2328,DA,55,0.5625,0.5416666666666666
2329,DA,55,0.625,0.5833333333333334
2330,DA,55,0.5,0.5208333333333334
2331,DA,55,0.5,0.5208333333333334
2332,DA,55,0.5,0.6041666666666666
2333,DA,55,0.4375,0.4375
2334,JN,55,0.75,0.6041666666666666
2335,JN,55,0.625,0.4791666666666667
2336,JN,55,0.375,0.5
2337,JN,55,0.75,0.5833333333333334
2338,JN,55,0.8125,0.6041666666666666
2339,JN,55,0.5,0.4791666666666667
2340,JS,55,0.625,0.6041666666666666
2341,JS,55,0.6875,0.5
2342,JS,55,0.6875,0.5208333333333334
2343,JS,55,0.6875,0.6041666666666666
2344,JS,55,0.75,0.6041666666666666
2345,JS,55,0.375,0.375
2346,SK,55,0.5625,0.5208333333333334
2347,SK,55,0.375,0.4791666666666667
2348,SK,55,0.5625,0.4791666666666667
2349,SK,55,0.4375,0.5
2350,SK,55,0.5625,0.5
2351,SK,55,0.5625,0.4791666666666667
2352,AC,56,0.625,0.5
2353,AC,56,0.625,0.5416666666666666
2354,AC,56,0.625,0.4791666666666667
2355,AC,56,0.5625,0.5625
2356,AC,56,0.4375,0.4583333333333333
2357,AC,56,0.375,0.5208333333333334
2358,CD,56,0.4375,0.5
2359,CD,56,0.5,0.4791666666666667
2360,CD,56,0.4375,0.4791666666666667
2361,CD,56,0.625,0.5208333333333334
2362,CD,56,0.625,0.5
2363,CD,56,0.6875,0.4583333333333333
2364,CG,56,0.625,0.6041666666666666
2365,CG,56,0.5625,0.6041666666666666
2366,CG,56,0.5625,0.5625
2367,CG,56,0.5,0.5
2368,CG,56,0.625,0.4791666666666667
2369,CG,56,0.5625,0.5
2370,DA,56,0.3125,0.3958333333333333
2371,DA,56,0.375,0.5416666666666666
2372,DA,56,0.5,0.5208333333333334
2373,DA,56,0.5625,0.6041666666666666
2374,DA,56,0.625,0.5625
2375,DA,56,0.5,0.5208333333333334
2376,JN,56,0.6875,0.6458333333333334
2377,JN,56,0.6875,0.5208333333333334
2378,JN,56,0.5,0.375
2379,JN,56,0.6875,0.6458333333333334
2380,JN,56,0.5625,0.5416666666666666
2381,JN,56,0.5,0.5
2382,JS,56,0.75,0.5208333333333334
2383,JS,56,0.625,0.5625
2384,JS,56,0.6875,0.5416666666666666
2385,JS,56,0.8125,0.5625
2386,JS,56,0.5625,0.5625
2387,JS,56,0.6875,0.5833333333333334
2388,SK,56,0.5,0.4583333333333333
2389,SK,56,0.5625,0.3958333333333333
2390,SK,56,0.5,0.3541666666666667
2391,SK,56,0.375,0.5416666666666666
2392,SK,56,0.625,0.5
2393,SK,56,0.5,0.4375
2394,AC,57,0.5625,0.5416666666666666
2395,AC,57,0.5625,0.4166666666666667
2396,AC,57,0.5625,0.5833333333333334
2397,AC,57,0.5,0.5625
2398,AC,57,0.5,0.5416666666666666
2399,AC,57,0.3125,0.6041666666666666
2400,CD,57,0.625,0.4166666666666667
2401,CD,57,0.4375,0.5833333333333334
2402,CD,57,0.5625,0.5416666666666666
2403,CD,57,0.4375,0.4375
2404,CD,57,0.625,0.5208333333333334
2405,CD,57,0.625,0.4375
2406,CG,57,0.5625,0.5416666666666666
2407,CG,57,0.625,0.5
2408,CG,57,0.5,0.4791666666666667
2409,CG,57,0.625,0.6041666666666666
2410,CG,57,0.5,0.5416666666666666
2411,CG,57,0.625,0.4375
2412,DA,57,0.5625,0.6041666666666666
2413,DA,57,0.625,0.5625
2414,DA,57,0.5,0.4583333333333333
2415,DA,57,0.375,0.5416666666666666
2416,DA,57,0.5,0.5208333333333334
2417,DA,57,0.3125,0.5208333333333334
2418,JN,57,0.6875,0.4791666666666667
2419,JN,57,0.625,0.6041666666666666
2420,JN,57,0.75,0.7083333333333334
2421,JN,57,0.5,0.5208333333333334
2422,JN,57,0.8125,0.6458333333333334
2423,JN,57,0.625,0.5208333333333334
2424,JS,57,0.6875,0.5208333333333334
2425,JS,57,0.5625,0.5208333333333334
2426,JS,57,0.75,0.5208333333333334
2427,JS,57,0.625,0.4583333333333333
2428,JS,57,0.75,0.5
2429,JS,57,0.625,0.4583333333333333
2430,SK,57,0.5,0.4583333333333333
2431,SK,57,0.5,0.4791666666666667
2432,SK,57,0.5,0.5
2433,SK,57,0.6875,0.4375
2434,SK,57,0.5625,0.4583333333333333
2435,SK,57,0.5,0.4791666666666667
2436,AC,58,0.5625,0.5
2437,AC,58,0.4375,0.5
2438,AC,58,0.5,0.5625
2439,AC,58,0.4375,0.5208333333333334
2440,AC,58,0.5625,0.5208333333333334
2441,AC,58,0.375,0.5416666666666666
2442,CD,58,0.5625,0.4583333333333333
2443,CD,58,0.5,0.5208333333333334
2444,CD,58,0.625,0.4791666666666667
2445,CD,58,0.5625,0.4375
2446,CD,58,0.5625,0.4583333333333333
2447,CD,58,0.625,0.4791666666666667
2448,CG,58,0.4375,0.4583333333333333
2449,CG,58,0.5,0.5
2450,CG,58,0.5,0.4791666666666667
2451,CG,58,0.5625,0.5833333333333334
2452,CG,58,0.5,0.4791666666666667
2453,CG,58,0.5625,0.6666666666666666
2454,DA,58,0.5625,0.5625
2455,DA,58,0.5625,0.5
2456,DA,58,0.3125,0.5208333333333334
2457,DA,58,0.375,0.375
2458,DA,58,0.5,0.5625
2459,DA,58,0.5,0.4791666666666667
2460,JN,58,0.6875,0.6458333333333334
2461,JN,58,0.625,0.4791666666666667
2462,JN,58,0.8125,0.6666666666666666
2463,JN,58,0.6875,0.625
2464,JN,58,0.6875,0.625
2465,JN,58,0.625,0.4791666666666667
2466,JS,58,0.625,0.6458333333333334
2467,JS,58,0.5625,0.4791666666666667
2468,JS,58,0.6875,0.5
2469,JS,58,0.75,0.5
2470,JS,58,0.6875,0.5208333333333334
2471,JS,58,0.4375,0.4791666666666667
2472,SK,58,0.5,0.5416666666666666
2473,SK,58,0.5,0.5
2474,SK,58,0.5,0.5
2475,SK,58,0.6875,0.4375
2476,SK,58,0.5625,0.4583333333333333
2477,SK,58,0.5625,0.4583333333333333
2478,AC,59,0.5625,0.5208333333333334
2479,AC,59,0.5,0.5416666666666666
2480,AC,59,0.625,0.6458333333333334
2481,AC,59,0.4375,0.5625
2482,AC,59,0.625,0.5416666666666666
2483,AC,59,0.625,0.5
2484,CD,59,0.5625,0.5833333333333334
2485,CD,59,0.5625,0.6458333333333334
2486,CD,59,0.625,0.5833333333333334
2487,CD,59,0.625,0.5416666666666666
2488,CD,59,0.625,0.5625
2489,CD,59,0.5625,0.5416666666666666
2490,CG,59,0.625,0.5625
2491,CG,59,0.625,0.5625
2492,CG,59,0.625,0.6875
2493,CG,59,0.5625,0.5
2494,CG,59,0.4375,0.4375
2495,CG,59,0.5625,0.5
2496,DA,59,0.5,0.5833333333333334
2497,DA,59,0.5,0.4166666666666667
2498,DA,59,0.5,0.625
2499,DA,59,0.6875,0.5
2500,DA,59,0.5,0.5833333333333334
2501,DA,59,0.5,0.5
2502,JN,59,0.6875,0.5833333333333334
2503,JN,59,0.625,0.5833333333333334
2504,JN,59,0.5,0.5625
2505,JN,59,0.5625,0.6041666666666666
2506,JN,59,0.75,0.6458333333333334
2507,JN,59,0.5,0.4791666666666667
2508,JS,59,0.6875,0.5625
2509,JS,59,0.75,0.6041666666666666
2510,JS,59,0.6875,0.5208333333333334
2511,JS,59,0.75,0.5208333333333334
2512,JS,59,0.75,0.6041666666666666
2513,JS,59,0.4375,0.4583333333333333
2514,SK,59,0.5,0.5208333333333334
2515,SK,59,0.5,0.4791666666666667
2516,SK,59,0.5,0.4375
2517,SK,59,0.5,0.5
2518,SK,59,0.5625,0.4791666666666667
2519,SK,59,0.5625,0.5
2520,AC,60,0.4375,0.4166666666666667
2521,AC,60,0.375,0.5208333333333334
2522,AC,60,0.5,0.4166666666666667
2523,AC,60,0.5,0.5208333333333334
2524,AC,60,0.4375,0.4166666666666667
2525,AC,60,0.375,0.375
2526,CD,60,0.6875,0.4375
2527,CD,60,0.625,0.6458333333333334
2528,CD,60,0.3125,0.5625
2529,CD,60,0.625,0.5
2530,CD,60,0.625,0.5208333333333334
2531,CD,60,0.6875,0.4791666666666667
2532,CG,60,0.5625,0.4791666666666667
2533,CG,60,0.6875,0.5416666666666666
2534,CG,60,0.625,0.4583333333333333
2535,CG,60,0.5625,0.5
2536,CG,60,0.625,0.5
2537,CG,60,0.375,0.5625
2538,DA,60,0.5,0.5208333333333334
2539,DA,60,0.4375,0.5625
2540,DA,60,0.4375,0.5625
2541,DA,60,0.5625,0.5
2542,DA,60,0.4375,0.625
2543,DA,60,0.5,0.4583333333333333
2544,JN,60,0.625,0.5833333333333334
2545,JN,60,0.5625,0.5208333333333334
2546,JN,60,0.5,0.5
2547,JN,60,0.5,0.5208333333333334
2548,JN,60,0.8125,0.6458333333333334
2549,JN,60,0.5,0.5
2550,JS,60,0.75,0.5208333333333334
2551,JS,60,0.4375,0.5625
2552,JS,60,0.4375,0.5
2553,JS,60,0.625,0.5208333333333334
2554,JS,60,0.6875,0.6041666666666666
2555,JS,60,0.5,0.5
2556,SK,60,0.5625,0.5
2557,SK,60,0.5,0.4375
2558,SK,60,0.5,0.4375
2559,SK,60,0.3125,0.4166666666666667
2560,SK,60,0.375,0.4166666666666667
2561,SK,60,0.5625,0.5
2562,AC,61,0.6875,0.5208333333333334
2563,AC,61,0.5,0.5
2564,AC,61,0.625,0.5208333333333334
2565,AC,61,0.5625,0.6666666666666666
2566,AC,61,0.5625,0.625
2567,AC,61,0.375,0.5416666666666666
2568,CD,61,0.5625,0.5416666666666666
2569,CD,61,0.5625,0.5
2570,CD,61,0.5625,0.5625
2571,CD,61,0.625,0.4791666666666667
2572,CD,61,0.6875,0.5416666666666666
2573,CD,61,0.6875,0.5
2574,CG,61,0.5,0.4791666666666667
2575,CG,61,0.5,0.5
2576,CG,61,0.375,0.4791666666666667
2577,CG,61,0.5625,0.5625
2578,CG,61,0.5,0.6458333333333334
2579,CG,61,0.4375,0.4583333333333333
2580,DA,61,0.4375,0.5208333333333334
2581,DA,61,0.3125,0.5416666666666666
2582,DA,61,0.5,0.4583333333333333
2583,DA,61,0.5,0.5
2584,DA,61,0.375,0.5208333333333334
2585,DA,61,0.625,0.5416666666666666
2586,JN,61,0.75,0.625
2587,JN,61,0.625,0.5416666666666666
2588,JN,61,0.625,0.5625
2589,JN,61,0.5625,0.5416666666666666
2590,JN,61,0.6875,0.5416666666666666
2591,JN,61,0.5625,0.5625
2592,JS,61,0.75,0.6041666666666666
2593,JS,61,0.5625,0.5416666666666666
2594,JS,61,0.5625,0.5625
2595,JS,61,0.625,0.5416666666666666
2596,JS,61,0.5625,0.625
2597,JS,61,0.5625,0.5416666666666666
2598,SK,61,0.75,0.4166666666666667
2599,SK,61,0.625,0.4166666666666667
2600,SK,61,0.6875,0.3958333333333333
2601,SK,61,0.625,0.4583333333333333
2602,SK,61,0.625,0.3958333333333333
2603,SK,61,0.6875,0.3333333333333333
2604,AC,62,0.5,0.5208333333333334
2605,AC,62,0.5625,0.5
2606,AC,62,0.5625,0.5625
2607,AC,62,0.6875,0.5833333333333334
2608,AC,62,0.5625,0.5625
2609,AC,62,0.75,0.5
2610,CD,62,0.625,0.4791666666666667
2611,CD,62,0.5625,0.6041666666666666
2612,CD,62,0.5625,0.4583333333333333
2613,CD,62,0.625,0.4791666666666667
2614,CD,62,0.625,0.5416666666666666
2615,CD,62,0.6875,0.4375
2616,CG,62,0.5,0.6458333333333334
2617,CG,62,0.5625,0.5208333333333334
2618,CG,62,0.5625,0.5416666666666666
2619,CG,62,0.5,0.5208333333333334
2620,CG,62,0.4375,0.5
2621,CG,62,0.5,0.5
2622,DA,62,0.4375,0.4791666666666667
2623,DA,62,0.5625,0.5208333333333334
2624,DA,62,0.5,0.5625
2625,DA,62,0.5,0.5416666666666666
2626,DA,62,0.5625,0.5833333333333334
2627,DA,62,0.4375,0.5416666666666666
2628,JN,62,0.75,0.625
2629,JN,62,0.5625,0.5
2630,JN,62,0.8125,0.5416666666666666
2631,JN,62,0.75,0.6875
2632,JN,62,0.75,0.6458333333333334
2633,JN,62,0.4375,0.3958333333333333
2634,JS,62,0.5,0.5
2635,JS,62,0.5,0.5208333333333334
2636,JS,62,0.6875,0.5
2637,JS,62,0.75,0.5416666666666666
2638,JS,62,0.75,0.6666666666666666
2639,JS,62,0.4375,0.4791666666666667
2640,SK,62,0.5625,0.5416666666666666
2641,SK,62,0.6875,0.5208333333333334
2642,SK,62,0.5,0.5208333333333334
2643,SK,62,0.5625,0.5625
2644,SK,62,0.625,0.5833333333333334
2645,SK,62,0.625,0.5625
2646,AC,63,0.5625,0.625
2647,AC,63,0.375,0.625
2648,AC,63,0.5625,0.5833333333333334
2649,AC,63,0.4375,0.5208333333333334
2650,AC,63,0.5625,0.5833333333333334
2651,AC,63,0.4375,0.6041666666666666
2652,CD,63,0.5,0.5
2653,CD,63,0.5625,0.4583333333333333
2654,CD,63,0.5625,0.5416666666666666
2655,CD,63,0.625,0.4583333333333333
2656,CD,63,0.625,0.5625
2657,CD,63,0.625,0.5208333333333334
2658,CG,63,0.5,0.5
2659,CG,63,0.5625,0.4375
2660,CG,63,0.5,0.4583333333333333
2661,CG,63,0.625,0.5833333333333334
2662,CG,63,0.625,0.4791666666666667
2663,CG,63,0.625,0.5416666666666666
2664,DA,63,0.5625,0.5416666666666666
2665,DA,63,0.5625,0.5625
2666,DA,63,0.5,0.5625
2667,DA,63,0.5,0.5416666666666666
2668,DA,63,0.5625,0.5833333333333334
2669,DA,63,0.4375,0.5416666666666666
2670,JN,63,0.625,0.6458333333333334
2671,JN,63,0.6875,0.6041666666666666
2672,JN,63,0.8125,0.5833333333333334
2673,JN,63,0.625,0.5833333333333334
2674,JN,63,0.8125,0.6041666666666666
2675,JN,63,0.8125,0.6666666666666666
2676,JS,63,0.625,0.5416666666666666
2677,JS,63,0.8125,0.6458333333333334
2678,JS,63,0.625,0.4583333333333333
2679,JS,63,0.6875,0.6458333333333334
2680,JS,63,0.625,0.4791666666666667
2681,JS,63,0.5625,0.4583333333333333
2682,SK,63,0.625,0.5833333333333334
2683,SK,63,0.5625,0.5833333333333334
2684,SK,63,0.5625,0.5208333333333334
2685,SK,63,0.5625,0.5
2686,SK,63,0.4375,0.6458333333333334
2687,SK,63,0.5,0.5208333333333334
