,1,2,3,4,5,6,7,8,9,10,11,12,13,14,15,16,17,18,19,20,21,22,23,24,25,26,27,28,29,30,31,32,33,34,35,36,37,38,39,40,41,42,43,44,45,46,47,48,49,50,51,52,53,54,55,56,57,58,59,60,61,62,63,64,65,66,67,68,69,70,71,72,73,74,75,76,77,78,79,80,81,82,83,84,85,86,87,88,89,90,91,92,93,94,95,96,97,98,99,100,101,102,103,104,105,106,107,108,109,110,111,112,113,114,115,116,117,118,119,120,121,122,123,124,125,126,127,128,129,130,131,132,133,134,135,136,137,138,139,140,141,142,143,144,145,146,147,148,149,150,151,152,153,154,155,156
0,0.5,0.5833333333333334,0.5,0.5,0.75,0.5833333333333334,0.6666666666666666,0.625,0.75,0.5,0.3333333333333333,0.5,0.4166666666666667,0.6666666666666666,0.5,0.5833333333333334,0.6666666666666666,0.4166666666666667,0.5,0.5625,0.6666666666666666,0.5,0.5,0.6875,0.5,0.4375,0.5,0.4166666666666667,0.75,0.6666666666666666,0.3333333333333333,0.375,0.5833333333333334,0.3125,0.5,0.4375,0.5,0.5,0.4166666666666667,0.4166666666666667,0.4166666666666667,0.5,0.4166666666666667,0.625,0.6666666666666666,0.625,0.4166666666666667,0.375,0.5,0.625,0.4166666666666667,0.5,0.5833333333333334,0.3333333333333333,0.5,0.75,0.5833333333333334,0.6875,0.5,0.375,0.5,0.5,0.4166666666666667,0.5,0.16666666666666666,0.4166666666666667,0.5833333333333334,0.4375,0.5,0.5,0.5,0.5,0.3333333333333333,0.3125,0.6666666666666666,0.625,0.4166666666666667,0.4166666666666667,0.5,0.5625,0.5,0.375,0.4166666666666667,0.625,0.5833333333333334,0.5625,0.5,0.75,0.4166666666666667,0.3333333333333333,0.5833333333333334,0.375,0.6666666666666666,0.5625,0.4166666666666667,0.5,0.4166666666666667,0.3125,0.6666666666666666,0.375,0.5833333333333334,0.4166666666666667,0.5,0.75,0.4166666666666667,0.5,0.4166666666666667,0.5,0.4166666666666667,0.5,0.3333333333333333,0.5,0.5,0.5833333333333334,0.5,0.5833333333333334,0.5625,0.625,0.6666666666666666,0.5,0.3333333333333333,0.5,0.3333333333333333,1.0,0.5,0.4166666666666667,0.25,0.5,0.375,0.5833333333333334,0.3333333333333333,0.5,0.5,0.6875,0.5833333333333334,0.625,0.5,0.6666666666666666,0.5833333333333334,0.5833333333333334,0.4375,0.6666666666666666,0.75,0.6875,0.5,0.6875,0.5833333333333334,0.375,0.5,0.5,0.5,0.4166666666666667,0.625,0.25,0.5625,0.6666666666666666
1,0.5,0.5,0.5,0.6666666666666666,0.5,0.4166666666666667,0.8333333333333334,0.5625,0.4166666666666667,0.4375,0.5833333333333334,0.5625,0.3333333333333333,0.6666666666666666,0.5,0.3333333333333333,0.5833333333333334,0.5,0.3333333333333333,0.5,0.3333333333333333,0.4375,0.6666666666666666,0.5625,0.5833333333333334,0.375,0.625,0.6666666666666666,0.5,0.4166666666666667,0.6666666666666666,0.5,0.5833333333333334,0.625,0.5833333333333334,0.5,0.5833333333333334,0.375,0.5,0.5,0.3333333333333333,0.5833333333333334,0.8333333333333334,0.5,0.6666666666666666,0.5625,0.4166666666666667,0.5,0.5,0.375,0.5,0.625,0.3333333333333333,0.75,0.6666666666666666,0.6875,0.3333333333333333,0.5,0.3333333333333333,0.4375,0.75,0.5625,0.4166666666666667,0.375,0.5,0.8333333333333334,0.25,0.1875,0.5833333333333334,0.5,0.5,0.25,0.5,0.5625,0.5833333333333334,0.5,0.4166666666666667,0.4166666666666667,0.5833333333333334,0.4375,0.5833333333333334,0.4375,0.5833333333333334,0.5625,0.3333333333333333,0.5625,0.25,0.75,0.5833333333333334,0.5,0.3333333333333333,0.5,0.5,0.4375,0.5833333333333334,0.625,0.6666666666666666,0.375,0.5833333333333334,0.625,0.5833333333333334,0.16666666666666666,0.6666666666666666,0.5,0.6666666666666666,0.625,0.4166666666666667,0.5,0.5,0.4375,0.4166666666666667,0.25,0.5833333333333334,0.5,0.5,0.75,0.5625,0.6875,0.5833333333333334,0.4375,0.6666666666666666,0.625,0.3333333333333333,0.5,0.5,0.3333333333333333,0.6666666666666666,0.3333333333333333,0.4375,0.3333333333333333,0.5,0.1875,0.4166666666666667,0.625,0.4166666666666667,0.625,0.4166666666666667,0.5,0.5,0.4166666666666667,0.375,0.4166666666666667,0.5,0.5,0.5,0.625,0.4166666666666667,0.5,0.4166666666666667,0.3333333333333333,0.5833333333333334,0.5833333333333334,0.3125,0.5833333333333334,0.375,0.5833333333333334
2,0.4375,0.5833333333333334,0.375,0.5833333333333334,0.75,0.5,0.5,0.5625,0.4166666666666667,0.5,0.5833333333333334,0.4375,0.3333333333333333,0.75,0.375,0.5,0.5833333333333334,0.5,0.5,0.6875,0.5,0.5,0.5,0.6875,0.4166666666666667,0.3125,0.5,0.4166666666666667,0.5,0.5833333333333334,0.5,0.75,0.4166666666666667,0.5,0.5,0.4375,0.5,0.5625,0.5833333333333334,0.5,0.16666666666666666,0.5833333333333334,0.5,0.5625,0.5,0.4375,0.4166666666666667,0.3125,0.5833333333333334,0.4375,0.5,0.5,0.25,0.5,0.5,0.4375,0.5833333333333334,0.4375,0.5,0.5,0.4166666666666667,0.5,0.3333333333333333,0.5,0.5,0.5,0.5,0.25,0.4166666666666667,0.5625,0.5833333333333334,0.5625,0.4166666666666667,0.5625,0.4166666666666667,0.625,0.4166666666666667,0.5833333333333334,0.4166666666666667,0.5,0.5833333333333334,0.5,0.5833333333333334,0.625,0.5833333333333334,0.4375,0.5833333333333334,0.625,0.5833333333333334,0.5833333333333334,0.5,0.375,0.6666666666666666,0.5625,0.4166666666666667,0.375,0.3333333333333333,0.4375,0.5833333333333334,0.5,0.5,0.4166666666666667,0.5,0.5833333333333334,0.6666666666666666,0.4375,0.3333333333333333,0.5,0.5833333333333334,0.375,0.4166666666666667,0.375,0.6666666666666666,0.3333333333333333,0.5,0.4166666666666667,0.4375,0.625,0.4166666666666667,0.5,0.5833333333333334,0.5,0.5,0.375,0.5833333333333334,0.4166666666666667,0.5,0.6666666666666666,0.375,0.75,0.5,0.5,0.3333333333333333,0.5625,0.3333333333333333,0.5,0.5,0.5833333333333334,0.5,0.25,0.5625,0.5,0.375,0.5625,0.6666666666666666,0.5625,0.5,0.625,0.5,0.4166666666666667,0.75,0.4166666666666667,0.5625,0.25,0.4375,0.5
3,0.375,0.3333333333333333,0.25,0.5,0.16666666666666666,0.5,0.6666666666666666,0.5625,0.5833333333333334,0.5625,0.5,0.4375,0.4166666666666667,0.6666666666666666,0.5,0.3333333333333333,0.5833333333333334,0.4166666666666667,0.4166666666666667,0.75,0.6666666666666666,0.4375,0.5833333333333334,0.5,0.5833333333333334,0.625,0.375,0.3333333333333333,0.5833333333333334,0.5833333333333334,0.5833333333333334,0.625,0.5,0.6875,0.5,0.625,0.6666666666666666,0.5,0.4166666666666667,0.4166666666666667,0.8333333333333334,0.3333333333333333,0.5833333333333334,0.5625,0.5,0.5,0.4166666666666667,0.375,0.5833333333333334,0.5625,0.4166666666666667,0.5,0.3333333333333333,0.5833333333333334,0.75,0.4375,0.5,0.375,0.6666666666666666,0.5625,0.6666666666666666,0.5625,0.3333333333333333,0.5,0.4166666666666667,0.5,0.3333333333333333,0.1875,0.4166666666666667,0.5,0.5,0.5,0.4166666666666667,0.625,0.5,0.375,0.5,0.5,0.8333333333333334,0.375,0.5833333333333334,0.375,0.5,0.5625,0.5,0.5,0.4166666666666667,0.625,0.6666666666666666,0.4166666666666667,0.4166666666666667,0.4375,0.75,0.5,0.4166666666666667,0.3125,0.4166666666666667,0.625,0.4166666666666667,0.5,0.6666666666666666,0.16666666666666666,0.5,0.4166666666666667,0.5833333333333334,0.5625,0.4166666666666667,0.375,0.5,0.375,0.5,0.75,0.6666666666666666,0.4166666666666667,0.5833333333333334,0.75,0.4375,0.5,0.25,0.5625,0.5,0.5,0.5,0.625,0.5833333333333334,0.8333333333333334,0.5,0.3333333333333333,0.375,0.4166666666666667,0.4166666666666667,0.5,0.5833333333333334,0.4375,0.5,0.75,0.5,0.4166666666666667,0.5,0.5,0.625,0.5,0.375,0.625,0.6666666666666666,0.5,0.25,0.375,0.5,0.6666666666666666,0.5833333333333334,0.5,0.375,0.5,0.625,0.5
4,0.375,0.6666666666666666,0.75,0.5833333333333334,0.5,0.25,0.5833333333333334,0.4375,0.5,0.5,0.5,0.375,0.5,0.3333333333333333,0.625,0.5,0.5833333333333334,0.6666666666666666,0.5,0.4375,0.5,0.5,0.5,0.5,0.5833333333333334,0.5625,0.5,0.5833333333333334,0.5,0.5833333333333334,0.16666666666666666,0.75,0.25,0.4375,0.5833333333333334,0.5625,0.4166666666666667,0.5,0.3333333333333333,0.6666666666666666,0.5,0.3333333333333333,0.6666666666666666,0.5625,0.5833333333333334,0.5625,0.5833333333333334,0.5,0.5833333333333334,0.4375,0.5,0.375,0.75,0.5833333333333334,0.5833333333333334,0.375,0.5833333333333334,0.625,0.5833333333333334,0.5625,0.5833333333333334,0.5625,0.3333333333333333,0.5,0.5833333333333334,0.4166666666666667,0.3333333333333333,0.25,0.5,0.5625,0.5,0.5,0.4166666666666667,0.4375,0.5833333333333334,0.5,0.5833333333333334,0.5,0.8333333333333334,0.5625,0.5,0.5,0.5,0.4375,0.6666666666666666,0.5,0.3333333333333333,0.75,0.5,0.5,0.3333333333333333,0.4375,0.5,0.625,0.4166666666666667,0.6875,0.6666666666666666,0.4375,0.8333333333333334,0.625,0.6666666666666666,0.3333333333333333,0.4166666666666667,0.3333333333333333,0.6666666666666666,0.5,0.5833333333333334,0.5,0.5,0.375,0.3333333333333333,0.375,0.6666666666666666,0.5,0.5,0.5833333333333334,0.375,0.5,0.5833333333333334,0.4375,0.4166666666666667,0.5,0.5,0.625,0.5,0.4166666666666667,0.3333333333333333,0.6666666666666666,0.4375,0.3333333333333333,0.4166666666666667,0.875,0.4166666666666667,0.5,0.5833333333333334,0.875,0.25,0.5,0.5,0.5833333333333334,0.625,0.4166666666666667,0.4375,0.5625,0.5833333333333334,0.5,0.25,0.375,0.5,0.5833333333333334,0.5833333333333334,0.6666666666666666,0.4375,0.5,0.625,0.6666666666666666
5,0.4375,0.5833333333333334,0.25,0.5833333333333334,0.5,0.6666666666666666,0.4166666666666667,0.625,0.4166666666666667,0.5625,0.5,0.3125,0.5,0.5833333333333334,0.75,0.5,0.5,0.5,0.3333333333333333,0.375,0.3333333333333333,0.5,0.6666666666666666,0.6875,0.5833333333333334,0.5625,0.5,0.5,0.6666666666666666,0.5833333333333334,0.5,0.5,0.5,0.375,0.4166666666666667,0.5,0.5833333333333334,0.4375,0.4166666666666667,0.5,0.5,0.5,0.5833333333333334,0.5625,0.5,0.4375,0.5,0.375,0.5,0.4375,0.5833333333333334,0.75,0.5,0.4166666666666667,0.5,0.75,0.5,0.375,0.3333333333333333,0.6875,0.5,0.5625,0.3333333333333333,0.5,0.3333333333333333,0.5,0.3333333333333333,0.1875,0.4166666666666667,0.4375,0.4166666666666667,0.5625,0.5,0.625,0.6666666666666666,0.625,0.5833333333333334,0.3333333333333333,0.5833333333333334,0.25,0.5833333333333334,0.4375,0.5,0.3125,0.5,0.375,0.3333333333333333,0.75,0.5,0.5,0.4166666666666667,0.625,0.5,0.4375,0.5833333333333334,0.5,0.5833333333333334,0.4375,0.6666666666666666,0.375,0.5,0.5833333333333334,0.6666666666666666,0.5833333333333334,0.5,0.5625,0.5,0.375,0.4166666666666667,0.3125,0.5,0.625,0.6666666666666666,0.4166666666666667,0.6666666666666666,0.25,0.4375,0.5,0.3333333333333333,0.25,0.5,0.4375,0.5,0.375,0.4166666666666667,0.6666666666666666,0.3333333333333333,0.3333333333333333,0.3125,0.25,0.5,0.3125,0.5833333333333334,0.375,0.4166666666666667,0.5,0.4166666666666667,0.4166666666666667,0.5833333333333334,0.5833333333333334,0.5,0.16666666666666666,0.375,0.5625,0.5,0.625,0.5833333333333334,0.5,0.5833333333333334,0.5,0.5,0.4166666666666667,0.5625,0.5,0.4375,0.4166666666666667
6,0.4375,0.75,0.125,0.6666666666666666,0.6666666666666666,0.6666666666666666,0.6666666666666666,0.5625,0.5,0.5625,0.5,0.5625,0.8333333333333334,0.5,0.5,0.5,0.5,0.5833333333333334,0.5,0.375,0.5,0.4375,0.5,0.5625,0.5833333333333334,0.625,0.625,0.5833333333333334,0.5833333333333334,0.6666666666666666,0.5,0.75,0.5,0.4375,0.5,0.6875,0.5,0.5625,0.5,0.5,0.75,0.3333333333333333,0.5,0.5,0.6666666666666666,0.4375,0.5,0.5,0.5,0.375,0.6666666666666666,0.75,0.5,0.5,0.4166666666666667,0.4375,0.5,0.5,0.5833333333333334,0.625,0.5,0.5,0.3333333333333333,0.625,0.5833333333333334,0.5,0.25,0.375,0.5,0.5625,0.5,0.5,0.5833333333333334,0.5625,0.5833333333333334,1.0,0.5,0.5,0.5,0.5,0.5,0.5,0.4166666666666667,0.4375,0.6666666666666666,0.5,0.6666666666666666,0.875,0.6666666666666666,0.3333333333333333,0.3333333333333333,0.625,0.75,0.5625,0.4166666666666667,0.3125,0.5833333333333334,0.4375,0.6666666666666666,0.625,0.5833333333333334,0.25,0.5833333333333334,0.75,0.25,0.5625,0.6666666666666666,0.4375,0.5,0.6875,0.3333333333333333,0.875,0.5,0.5833333333333334,0.4166666666666667,0.8333333333333334,0.5,0.5,0.5,0.5,0.16666666666666666,0.3125,0.3333333333333333,0.5,0.6666666666666666,0.8333333333333334,0.5833333333333334,0.5833333333333334,0.625,0.4166666666666667,0.6666666666666666,0.5625,0.4166666666666667,0.5,0.5833333333333334,0.5,0.6666666666666666,0.3333333333333333,0.16666666666666666,0.3333333333333333,0.5,0.4166666666666667,0.375,0.5625,0.5,0.5,0.75,0.5,0.6666666666666666,0.25,0.5,0.4166666666666667,0.375,0.5,0.5625,0.5
7,0.3125,0.5833333333333334,0.5,0.5833333333333334,0.75,0.4166666666666667,0.4166666666666667,0.3125,0.5833333333333334,0.75,0.5,0.5625,0.3333333333333333,0.9166666666666666,0.5,0.4166666666666667,0.16666666666666666,0.75,0.6666666666666666,0.5,0.3333333333333333,0.5625,0.4166666666666667,0.5625,0.4166666666666667,0.5625,0.5,0.5833333333333334,0.5833333333333334,0.5833333333333334,0.75,0.625,0.3333333333333333,0.5625,0.4166666666666667,0.5,0.4166666666666667,0.5,0.5833333333333334,0.25,0.5,0.4166666666666667,0.5833333333333334,0.5,0.4166666666666667,0.5625,0.4166666666666667,0.5,0.6666666666666666,0.375,0.5,0.5,0.5,0.6666666666666666,0.3333333333333333,0.5,0.5,0.5,0.3333333333333333,0.6875,0.5,0.5,0.5833333333333334,0.5,0.4166666666666667,0.5,0.25,0.25,0.5,0.625,0.5833333333333334,0.5,0.75,0.5625,0.8333333333333334,0.75,0.4166666666666667,0.5833333333333334,0.5,0.625,0.5,0.4375,0.5833333333333334,0.375,0.5833333333333334,0.375,0.4166666666666667,0.625,0.5833333333333334,0.5,0.4166666666666667,0.5,0.5833333333333334,0.25,0.5,0.4375,0.5,0.5,0.6666666666666666,0.5,0.4166666666666667,0.25,0.5,0.5,0.5,0.6875,0.5,0.5,0.25,0.5,0.75,0.375,0.4166666666666667,0.4166666666666667,0.5,0.5833333333333334,0.5,0.4375,0.4166666666666667,0.6875,0.5833333333333334,0.4375,0.5833333333333334,0.5,0.5,0.5,0.5,0.75,0.5625,0.3333333333333333,0.4166666666666667,0.5625,0.4166666666666667,0.5625,0.4166666666666667,0.25,0.4166666666666667,0.4166666666666667,0.4166666666666667,0.5833333333333334,0.5,0.5,0.5625,0.5,0.5,0.1875,0.75,0.375,0.5833333333333334,0.5,0.25,0.5833333333333334,0.4375,0.5833333333333334,0.4375,0.4166666666666667
8,0.5625,0.5833333333333334,0.5,0.4166666666666667,0.4166666666666667,0.3333333333333333,0.75,0.4375,0.5,0.3125,0.5833333333333334,0.3125,0.75,0.5833333333333334,0.25,0.5,0.5833333333333334,0.5,0.3333333333333333,0.5625,0.5833333333333334,0.625,0.5,0.6875,0.5,0.5,0.375,0.5,0.5,0.5833333333333334,0.5833333333333334,0.4375,0.5,0.5,0.3333333333333333,0.5,0.5,0.4375,0.6666666666666666,0.3333333333333333,0.3333333333333333,0.5,0.5833333333333334,0.4375,0.5833333333333334,0.5625,0.5,0.5625,0.5833333333333334,0.5625,0.5,0.75,0.75,0.5833333333333334,0.5,0.625,0.4166666666666667,0.4375,0.5833333333333334,0.375,0.5,0.4375,0.5,0.5,0.4166666666666667,0.4166666666666667,0.5,0.25,0.4166666666666667,0.5625,0.5,0.5,0.5833333333333334,0.4375,0.5833333333333334,0.5,0.5833333333333334,0.5833333333333334,0.4166666666666667,0.4375,0.4166666666666667,0.5,0.5,0.625,0.25,0.5,0.6666666666666666,0.5,0.5,0.5,0.4166666666666667,0.75,0.4166666666666667,0.375,0.5,0.5625,0.5,0.375,0.5833333333333334,0.75,0.5833333333333334,0.3333333333333333,0.5,0.5833333333333334,0.5,0.5,0.5,0.5,0.5,0.625,0.5,0.25,0.6666666666666666,0.4166666666666667,0.4166666666666667,0.5833333333333334,0.5625,0.375,0.5,0.4375,0.5,0.5,0.4166666666666667,0.625,0.4166666666666667,0.5833333333333334,0.4166666666666667,0.5,0.625,0.6666666666666666,0.5,0.5,0.4166666666666667,0.625,0.5,0.5,0.4166666666666667,0.16666666666666666,0.3333333333333333,0.5,0.5625,0.5,0.5,0.5,0.5,0.3125,0.5833333333333334,0.25,0.5,0.5,0.5833333333333334,0.5,0.5,0.3333333333333333,0.5625,0.3333333333333333
9,0.4375,0.6666666666666666,0.25,0.5833333333333334,0.3333333333333333,0.4166666666666667,0.6666666666666666,0.6875,0.6666666666666666,0.5,0.5,0.5625,0.5,0.5833333333333334,0.5,0.5833333333333334,0.75,0.5,0.3333333333333333,0.5625,0.5,0.625,0.5833333333333334,0.5,0.5833333333333334,0.5,0.625,0.5,0.5833333333333334,0.4166666666666667,0.5,0.5625,0.5833333333333334,0.5,0.4166666666666667,0.625,0.5833333333333334,0.375,0.6666666666666666,0.5833333333333334,0.4166666666666667,0.4166666666666667,0.5,0.5,0.6666666666666666,0.3125,0.3333333333333333,0.625,0.5,0.375,0.5833333333333334,0.5,0.5833333333333334,0.5833333333333334,0.5833333333333334,0.6875,0.5833333333333334,0.4375,0.5,0.375,0.4166666666666667,0.5,0.3333333333333333,0.5,0.3333333333333333,0.5,0.25,0.25,0.4166666666666667,0.4375,0.5,0.5,0.5833333333333334,0.625,0.4166666666666667,0.375,0.3333333333333333,0.5833333333333334,0.5,0.5,0.5,0.625,0.5,0.5625,0.4166666666666667,0.375,0.25,0.625,0.5,0.3333333333333333,0.4166666666666667,0.5,0.5,0.625,0.5833333333333334,0.375,0.5,0.375,0.08333333333333333,0.5,0.5833333333333334,0.3333333333333333,0.5833333333333334,0.4166666666666667,0.5833333333333334,0.5625,0.5833333333333334,0.4375,0.16666666666666666,0.5,0.5,0.5,0.5,0.4166666666666667,0.4166666666666667,0.5833333333333334,0.5625,0.5,0.5,0.5,0.5,0.5,0.3333333333333333,0.375,0.3333333333333333,0.5833333333333334,0.5,0.4166666666666667,0.25,0.5,0.4166666666666667,0.375,0.5,0.625,0.5833333333333334,0.625,0.4166666666666667,0.5,0.5833333333333334,0.5,0.5625,0.5833333333333334,0.5,0.5625,0.5833333333333334,0.375,0.5833333333333334,0.25,0.5,0.4166666666666667,0.4166666666666667,0.16666666666666666,0.5625,0.5,0.375,0.4166666666666667
10,0.3125,0.6666666666666666,0.375,0.5833333333333334,0.5,0.6666666666666666,0.5,0.4375,0.6666666666666666,0.375,0.5833333333333334,0.625,0.3333333333333333,0.6666666666666666,0.5,0.5833333333333334,0.6666666666666666,0.5,0.5,0.5,0.3333333333333333,0.5625,0.5,0.4375,0.4166666666666667,0.5625,0.375,0.6666666666666666,0.5833333333333334,0.4166666666666667,0.5,0.75,0.5833333333333334,0.5,0.5,0.625,0.5,0.375,0.3333333333333333,0.5,0.5,0.3333333333333333,0.75,0.4375,0.5833333333333334,0.5,0.5,0.5,0.5,0.625,0.5,0.625,0.5,0.4166666666666667,0.6666666666666666,0.375,0.5,0.3125,0.6666666666666666,0.5,0.3333333333333333,0.5,0.3333333333333333,0.25,0.3333333333333333,0.5,0.4166666666666667,0.4375,0.4166666666666667,0.5625,0.5,0.5,0.5,0.625,0.25,0.375,0.4166666666666667,0.5833333333333334,0.4166666666666667,0.5625,0.5,0.4375,0.25,0.625,0.5833333333333334,0.5625,0.25,0.75,0.4166666666666667,0.4166666666666667,0.5833333333333334,0.6875,0.5833333333333334,0.5,0.75,0.375,0.4166666666666667,0.4375,0.5833333333333334,0.5,0.6666666666666666,0.25,0.5833333333333334,0.5,0.75,0.4375,0.5,0.5,0.5,0.5,0.4166666666666667,0.375,0.4166666666666667,0.5,0.5,0.5833333333333334,0.625,0.4375,0.4166666666666667,0.4375,0.5,0.375,0.4166666666666667,0.5,0.5833333333333334,0.5,0.5,0.6666666666666666,0.375,0.4166666666666667,0.5,0.375,0.5,0.5,0.4166666666666667,0.625,0.75,0.4166666666666667,0.5,0.4166666666666667,0.5,0.5,0.25,0.5,0.5,0.5,0.75,0.625,0.5,0.75,0.75,0.4166666666666667,0.5625,0.4166666666666667,0.5,0.5833333333333334
11,0.4375,0.5833333333333334,0.625,0.4166666666666667,0.4166666666666667,0.6666666666666666,0.5833333333333334,0.5625,0.5,0.625,0.4166666666666667,0.4375,0.5,0.4166666666666667,0.5,0.3333333333333333,0.5,0.5,0.5,0.4375,0.4166666666666667,0.5625,0.5,0.625,0.5,0.5625,0.5,0.5,0.4166666666666667,0.5,0.5833333333333334,0.75,0.3333333333333333,0.5,0.4166666666666667,0.5625,0.4166666666666667,0.5,0.3333333333333333,0.5,0.3333333333333333,0.3333333333333333,0.6666666666666666,0.6875,0.5833333333333334,0.625,0.4166666666666667,0.625,0.5833333333333334,0.3125,0.5833333333333334,0.5,0.25,0.3333333333333333,0.6666666666666666,0.5,0.4166666666666667,0.5625,0.5,0.5,0.5833333333333334,0.4375,0.4166666666666667,0.625,0.4166666666666667,0.5,0.3333333333333333,0.25,0.4166666666666667,0.5,0.5,0.375,0.5833333333333334,0.5,0.5,0.375,0.5833333333333334,0.5,0.4166666666666667,0.5625,0.25,0.4375,0.5833333333333334,0.5625,0.6666666666666666,0.5,0.5833333333333334,0.375,0.4166666666666667,0.5,0.75,0.5625,0.5,0.625,0.75,0.8125,0.5,0.5,0.4166666666666667,0.625,0.5833333333333334,0.5,0.5833333333333334,0.3333333333333333,0.5,0.5,0.4166666666666667,0.625,0.5833333333333334,0.5625,0.3333333333333333,0.375,0.3333333333333333,0.3333333333333333,0.6666666666666666,0.75,0.5625,0.625,0.3333333333333333,0.625,0.5833333333333334,0.4375,0.8333333333333334,0.625,0.4166666666666667,0.75,0.5,0.5,0.4375,0.5,0.4166666666666667,0.3125,0.5,0.625,0.5,0.625,0.5,0.5,0.5833333333333334,0.5833333333333334,0.5625,0.5,0.5625,0.6875,0.75,0.5625,0.5,0.375,0.5833333333333334,0.4166666666666667,0.5833333333333334,0.5,0.625,0.3333333333333333,0.4375,0.4166666666666667
12,0.5,0.3333333333333333,0.375,0.5,0.3333333333333333,0.4166666666666667,0.3333333333333333,0.625,0.4166666666666667,0.5625,0.5,0.5,0.5833333333333334,0.4166666666666667,0.375,0.6666666666666666,0.6666666666666666,0.4166666666666667,0.5,0.4375,0.3333333333333333,0.4375,0.5,0.5,0.5833333333333334,0.4375,0.5,0.5,0.5,0.5,0.5833333333333334,0.375,0.16666666666666666,0.4375,0.6666666666666666,0.5,0.5,0.5,0.4166666666666667,0.4166666666666667,0.3333333333333333,0.3333333333333333,0.75,0.5,0.5,0.5,0.5833333333333334,0.25,0.6666666666666666,0.5,0.4166666666666667,0.5,0.6666666666666666,0.4166666666666667,0.4166666666666667,0.5,0.5833333333333334,0.5625,0.5833333333333334,0.25,0.5833333333333334,0.5625,0.4166666666666667,0.5,0.5,0.5,0.4166666666666667,0.25,0.4166666666666667,0.5625,0.4166666666666667,0.5,0.5833333333333334,0.5,0.5,0.5,0.5,0.6666666666666666,0.25,0.4375,0.4166666666666667,0.4375,0.5,0.5625,0.5833333333333334,0.5,0.5,0.625,0.5833333333333334,0.25,0.5833333333333334,0.625,0.5833333333333334,0.5,0.5833333333333334,0.5,0.5,0.3125,0.4166666666666667,0.5,0.5,0.25,0.5833333333333334,0.75,0.5833333333333334,0.5,0.3333333333333333,0.4375,0.5833333333333334,0.25,0.3333333333333333,0.75,0.4166666666666667,0.3333333333333333,0.16666666666666666,0.6666666666666666,0.375,0.4375,0.4166666666666667,0.4375,0.5,0.3125,0.4166666666666667,0.5,0.5833333333333334,0.5,0.3333333333333333,0.6666666666666666,0.625,0.25,0.5,0.4375,0.5,0.4375,0.5,0.25,0.5833333333333334,0.75,0.5,0.5,0.625,0.3333333333333333,0.6875,0.6875,0.4166666666666667,0.625,0.3333333333333333,0.375,0.5,0.4166666666666667,0.5,0.6666666666666666,0.4375,0.5,0.5625,0.5
13,0.4375,0.5833333333333334,0.375,0.5833333333333334,0.4166666666666667,0.5833333333333334,0.5,0.5625,0.3333333333333333,0.5,0.3333333333333333,0.4375,0.4166666666666667,0.75,0.5,0.5833333333333334,0.5,0.5,0.25,0.3125,0.5833333333333334,0.5,0.6666666666666666,0.5625,0.5,0.625,0.625,0.5,0.5,0.5833333333333334,0.5,0.625,0.4166666666666667,0.6875,0.5,0.5,0.6666666666666666,0.4375,0.5,0.75,0.3333333333333333,0.5,0.75,0.5,0.6666666666666666,0.5625,0.4166666666666667,0.375,0.5833333333333334,0.5625,0.4166666666666667,0.375,0.5,0.4166666666666667,0.5,0.5,0.5,0.4375,0.5,0.75,0.5,0.5625,0.3333333333333333,0.5,0.3333333333333333,0.4166666666666667,0.25,0.1875,0.4166666666666667,0.5625,0.4166666666666667,0.125,0.5833333333333334,0.6875,0.25,0.25,0.6666666666666666,0.5,0.5,0.4375,0.25,0.4375,0.5,0.5625,0.5833333333333334,0.5,0.4166666666666667,0.5,0.5,0.4166666666666667,0.5833333333333334,0.4375,0.5,0.5625,0.5,0.5,0.5,0.4375,0.3333333333333333,0.875,0.6666666666666666,0.5833333333333334,0.3333333333333333,0.75,0.5833333333333334,0.4375,0.4166666666666667,0.5,0.5,0.4375,0.4166666666666667,0.25,0.5,0.5833333333333334,0.5,0.5833333333333334,0.5625,0.5625,0.75,0.4375,0.4166666666666667,0.5625,0.4166666666666667,0.5,0.5833333333333334,0.3333333333333333,0.4166666666666667,0.4166666666666667,0.5625,0.5,0.5,0.4375,0.5,0.5,0.5833333333333334,0.625,0.6666666666666666,0.6666666666666666,0.5,0.5,0.5625,0.25,0.625,0.5,0.5833333333333334,0.5625,0.6666666666666666,0.375,0.5833333333333334,0.4166666666666667,0.5833333333333334,0.3333333333333333,0.625,0.5833333333333334,0.5625,0.5833333333333334
14,0.5,0.75,0.375,0.5833333333333334,0.25,0.5833333333333334,0.5833333333333334,0.5,0.5,0.6875,0.5,0.5,0.5,0.5833333333333334,0.375,0.4166666666666667,0.5,0.5,0.4166666666666667,0.5625,0.4166666666666667,0.5,0.3333333333333333,0.625,0.5833333333333334,0.625,0.5,0.5,0.5,0.4166666666666667,0.5,0.5,0.5,0.5,0.4166666666666667,0.3125,0.6666666666666666,0.5625,0.75,0.5,0.5,0.5,0.5833333333333334,0.5,0.6666666666666666,0.5625,0.5,0.5,0.5833333333333334,0.4375,0.4166666666666667,0.375,0.3333333333333333,0.5,0.5833333333333334,0.375,0.3333333333333333,0.3125,0.5833333333333334,0.4375,0.5,0.5,0.4166666666666667,0.5,0.5,0.3333333333333333,0.4166666666666667,0.625,0.25,0.5625,0.5833333333333334,0.5,0.25,0.5,0.5,0.5,0.5,0.5833333333333334,0.4166666666666667,0.4375,0.5,0.5,0.5833333333333334,0.4375,0.75,0.5,0.75,0.5,0.25,0.25,0.4166666666666667,0.5,0.5833333333333334,0.625,0.5,0.5,0.6666666666666666,0.5,0.5833333333333334,0.5,0.5,0.3333333333333333,0.4166666666666667,0.5,0.6666666666666666,0.5,0.3333333333333333,0.5,0.5833333333333334,0.5,0.5,0.5,0.5,0.5,0.5833333333333334,0.4166666666666667,0.5,0.6875,0.5,0.5,0.5833333333333334,0.4375,0.5,0.375,0.6666666666666666,0.8333333333333334,0.5,0.4166666666666667,0.5625,0.4166666666666667,0.5,0.375,0.5833333333333334,0.5,0.5833333333333334,0.375,0.4166666666666667,0.5833333333333334,0.5833333333333334,0.5833333333333334,0.375,0.6666666666666666,0.5,0.5,0.4166666666666667,0.5625,0.3333333333333333,0.375,0.6666666666666666,0.5833333333333334,0.5833333333333334,0.5,0.6875,0.4166666666666667,0.375,0.6666666666666666
15,0.5,0.5833333333333334,0.625,0.4166666666666667,0.4166666666666667,0.5,0.5833333333333334,0.625,0.4166666666666667,0.4375,0.8333333333333334,0.5625,0.25,0.5833333333333334,0.375,0.4166666666666667,0.5833333333333334,0.5833333333333334,0.3333333333333333,0.5625,0.5833333333333334,0.4375,0.4166666666666667,0.5625,0.75,0.4375,0.625,0.6666666666666666,0.4166666666666667,0.5,0.3333333333333333,0.4375,0.5,0.375,0.25,0.375,0.5833333333333334,0.4375,0.16666666666666666,0.5,0.3333333333333333,0.5,0.6666666666666666,0.5625,0.75,0.625,0.6666666666666666,0.5,0.5833333333333334,0.5,0.5833333333333334,0.25,0.5833333333333334,0.5,0.5,0.4375,0.5,0.625,0.5,0.5,0.4166666666666667,0.5,0.3333333333333333,0.5,0.4166666666666667,0.5,0.3333333333333333,0.4375,0.3333333333333333,0.5,0.5,0.5,0.5,0.375,0.4166666666666667,0.625,0.5,0.5,0.6666666666666666,0.5625,0.6666666666666666,0.375,0.5,0.4375,0.25,0.5625,0.4166666666666667,0.625,0.6666666666666666,0.4166666666666667,0.4166666666666667,0.625,0.6666666666666666,0.625,0.5833333333333334,0.5,0.5,0.375,0.6666666666666666,0.5,0.5833333333333334,0.4166666666666667,0.4166666666666667,0.5,0.5833333333333334,0.375,0.5,0.5,0.5,0.625,0.5,0.625,0.4166666666666667,0.75,0.4166666666666667,0.8333333333333334,0.4375,0.5625,0.4166666666666667,0.5,0.25,0.5625,0.5833333333333334,0.75,0.5,0.75,0.5,0.75,0.25,0.6666666666666666,0.5833333333333334,0.5,0.5,0.5625,0.4166666666666667,0.5,0.5,0.3333333333333333,0.5833333333333334,0.4166666666666667,0.5,0.75,0.4375,0.625,0.16666666666666666,0.5,0.6666666666666666,0.5,0.8333333333333334,0.5833333333333334,0.5833333333333334,0.4166666666666667,0.8125,0.5,0.375,0.5
16,0.6875,0.3333333333333333,0.75,0.5,0.4166666666666667,0.5833333333333334,0.3333333333333333,0.6875,0.5,0.375,0.5,0.375,0.3333333333333333,0.5833333333333334,0.5,0.6666666666666666,0.8333333333333334,0.6666666666666666,0.3333333333333333,0.4375,0.8333333333333334,0.5,0.3333333333333333,0.5,0.4166666666666667,0.375,0.5,0.5833333333333334,0.5833333333333334,0.5,0.4166666666666667,0.5625,0.5833333333333334,0.4375,0.5,0.6875,0.5,0.625,0.6666666666666666,0.25,0.5833333333333334,0.25,0.5,0.3125,0.6666666666666666,0.5625,0.4166666666666667,0.25,0.5,0.6875,0.5,0.75,0.4166666666666667,0.5,0.5833333333333334,0.5625,0.5833333333333334,0.375,0.6666666666666666,0.375,0.4166666666666667,0.5,0.4166666666666667,0.375,0.4166666666666667,0.4166666666666667,0.25,0.25,0.5,0.5625,0.6666666666666666,0.5,0.6666666666666666,0.5,0.25,0.375,0.4166666666666667,0.8333333333333334,0.4166666666666667,0.3125,0.5833333333333334,0.3125,0.6666666666666666,0.5,0.5,0.4375,0.5833333333333334,0.875,0.25,0.25,0.4166666666666667,0.625,0.6666666666666666,0.375,0.5,0.5,0.5,0.5625,0.6666666666666666,0.375,0.5,0.4166666666666667,0.5,0.5833333333333334,0.5,0.1875,0.4166666666666667,0.5,0.6666666666666666,0.5,0.25,0.5,0.5833333333333334,0.3333333333333333,0.6666666666666666,0.5833333333333334,0.5,0.5,0.5,0.375,0.5833333333333334,0.5625,0.4166666666666667,0.625,0.5833333333333334,0.5,0.3333333333333333,0.6666666666666666,0.4375,0.5,0.4166666666666667,0.375,0.75,0.5,0.5,0.625,0.5833333333333334,0.5,0.5,0.5833333333333334,0.375,0.25,0.4375,0.4375,0.5833333333333334,0.5625,0.5,0.375,0.5833333333333334,0.5833333333333334,0.5,0.75,0.625,0.5833333333333334,0.4375,0.4166666666666667
17,0.4375,0.5,0.5,0.4166666666666667,0.4166666666666667,0.4166666666666667,0.5,0.5,0.5833333333333334,0.375,0.5,0.5625,0.3333333333333333,0.5,0.75,0.5833333333333334,0.5833333333333334,0.5,0.5833333333333334,0.375,0.25,0.4375,0.6666666666666666,0.5,0.25,0.6875,0.375,0.5,0.4166666666666667,0.3333333333333333,0.5,0.4375,0.5,0.5,0.25,0.375,0.5833333333333334,0.375,0.5,0.3333333333333333,0.3333333333333333,0.4166666666666667,0.5,0.625,0.5,0.5,0.4166666666666667,0.625,0.5,0.375,0.5833333333333334,0.75,0.16666666666666666,0.5833333333333334,0.3333333333333333,0.5,0.5,0.6875,0.6666666666666666,0.6875,0.5,0.5,0.4166666666666667,0.375,0.5,0.5,0.4166666666666667,0.25,0.4166666666666667,0.625,0.5,0.5,0.5,0.5625,0.3333333333333333,0.5,0.5,0.5833333333333334,0.5833333333333334,0.5625,0.4166666666666667,0.5625,0.6666666666666666,0.6875,0.5833333333333334,0.4375,0.4166666666666667,0.5,0.6666666666666666,0.3333333333333333,0.5833333333333334,0.5,0.5,0.5,0.4166666666666667,0.3125,0.4166666666666667,0.5,0.5833333333333334,0.375,0.5,0.5,0.5833333333333334,0.5,0.5,0.625,0.3333333333333333,0.5,0.5833333333333334,0.625,0.5,0.625,0.5833333333333334,0.5,0.4166666666666667,0.6666666666666666,0.5625,0.625,0.5,0.3125,0.25,0.5625,0.3333333333333333,0.75,0.4166666666666667,0.75,0.3333333333333333,0.5833333333333334,0.375,0.5,0.5833333333333334,0.3125,0.75,0.5,0.4166666666666667,0.5,0.6666666666666666,0.5,0.6666666666666666,0.75,0.5,0.16666666666666666,0.3125,0.375,0.5,0.625,0.6666666666666666,0.125,0.5,0.6666666666666666,0.25,0.5833333333333334,0.375,0.4166666666666667,0.5625,0.5
18,0.5,0.5833333333333334,0.375,0.3333333333333333,0.3333333333333333,0.5,0.3333333333333333,0.5,0.6666666666666666,0.4375,0.6666666666666666,0.625,0.5833333333333334,0.4166666666666667,0.375,0.5,0.5,0.3333333333333333,0.5833333333333334,0.5625,0.5833333333333334,0.5,0.5833333333333334,0.625,0.5833333333333334,0.3125,0.375,0.5,0.5833333333333334,0.5,0.5833333333333334,0.5,0.3333333333333333,0.375,0.6666666666666666,0.625,0.5833333333333334,0.4375,0.5,0.5833333333333334,0.3333333333333333,0.5,0.4166666666666667,0.625,0.3333333333333333,0.4375,0.25,0.75,0.5833333333333334,0.4375,0.75,0.375,0.4166666666666667,0.4166666666666667,0.4166666666666667,0.5,0.75,0.3125,0.4166666666666667,0.5,0.5833333333333334,0.5,0.3333333333333333,0.5,0.5833333333333334,0.4166666666666667,0.25,0.375,0.5,0.625,0.4166666666666667,0.5,0.6666666666666666,0.4375,0.4166666666666667,0.375,0.5,0.3333333333333333,0.5,0.5,0.5833333333333334,0.4375,0.5833333333333334,0.4375,0.5,0.5,0.5833333333333334,0.375,0.3333333333333333,0.4166666666666667,0.5,0.5625,0.6666666666666666,0.5,0.6666666666666666,0.5625,0.4166666666666667,0.375,0.4166666666666667,0.625,0.5,0.25,0.5833333333333334,0.5,0.5833333333333334,0.5,0.5833333333333334,0.5,0.5833333333333334,0.25,0.4166666666666667,0.875,0.4166666666666667,0.4166666666666667,0.5,0.5,0.6875,0.5,0.4166666666666667,0.4375,0.5,0.5625,0.5,0.625,0.3333333333333333,0.4166666666666667,0.5,0.6666666666666666,0.4375,0.5833333333333334,0.4166666666666667,0.4375,0.5833333333333334,0.5625,0.5,0.375,0.5833333333333334,0.5,0.5,0.5833333333333334,0.4375,0.5833333333333334,0.375,0.4375,0.5833333333333334,0.5625,0.4166666666666667,0.375,0.5,0.5833333333333334,0.6666666666666666,0.25,0.6875,0.6666666666666666,0.375,0.5
19,0.5625,0.8333333333333334,0.375,0.5,0.4166666666666667,0.5,0.5,0.625,0.5,0.625,0.5,0.4375,0.4166666666666667,0.5,0.625,0.4166666666666667,0.5,0.4166666666666667,0.4166666666666667,0.3125,0.4166666666666667,0.375,0.5,0.5,0.3333333333333333,0.5625,0.375,0.5833333333333334,0.5,0.6666666666666666,0.6666666666666666,0.75,0.5,0.375,0.5,0.625,0.5,0.3125,0.4166666666666667,0.5,0.3333333333333333,0.25,0.5833333333333334,0.5625,0.6666666666666666,0.625,0.3333333333333333,0.6875,0.9166666666666666,0.5,0.5833333333333334,0.875,0.75,0.4166666666666667,0.5,0.25,0.6666666666666666,0.5,0.5,0.8125,0.5,0.5625,0.4166666666666667,0.5,0.3333333333333333,0.5,0.4166666666666667,0.25,0.75,0.5625,0.5833333333333334,0.4375,0.5833333333333334,0.5,0.6666666666666666,0.375,0.5833333333333334,0.5833333333333334,0.5833333333333334,0.4375,0.3333333333333333,0.5,0.5,0.5625,0.5,0.4375,0.5833333333333334,0.75,0.5833333333333334,0.3333333333333333,0.5,0.8125,0.6666666666666666,0.5625,0.6666666666666666,0.5,0.5,0.5,0.5,0.375,0.6666666666666666,0.25,0.75,0.75,0.75,0.5,0.5,0.5,0.5,0.4375,0.4166666666666667,0.25,0.5,0.4166666666666667,0.5,0.75,0.75,0.375,0.25,0.5625,0.6666666666666666,0.5625,0.4166666666666667,0.625,0.5833333333333334,0.6666666666666666,0.25,0.5,0.5625,0.5,0.3333333333333333,0.375,0.5,0.375,0.4166666666666667,0.5,0.5833333333333334,0.3333333333333333,0.4166666666666667,0.6666666666666666,0.3125,0.5833333333333334,0.5,0.4375,0.4166666666666667,0.5625,0.8333333333333334,0.25,0.5,0.5,0.4166666666666667,0.6666666666666666,0.625,0.4166666666666667,0.625,0.6666666666666666
